Unnamed:_0,Wedding_Type,Place,Cost_of_Type,Clothes_Bride,Clothes_Groom,Photography,Decor,Decor_Category,Entertainment,Entertainment_Category,Giftsper_piece,Gifts_Category,Invitations_Cards,Cards_Category
0,5,8,7437978,660719,457238,33533,533374,1,417797,0,3589,1,180,1
1,7,16,5777920,379302,316691,134543,496453,1,322713,0,4421,2,500,0
2,8,16,3243944,197374,108820,106831,527908,1,414991,0,3185,1,452,1
3,4,4,7064790,164124,115563,21246,411917,1,282843,0,3581,1,744,0
4,1,16,2675924,86758,77153,260566,279417,0,102517,3,4903,2,694,0
5,3,14,3468141,143163,51347,292911,550315,1,261453,0,955,0,790,0
6,8,2,2993411,118029,79765,284263,118760,3,214719,3,3876,1,119,1
7,4,7,6757501,114163,82337,293519,241861,0,485290,0,1233,3,303,1
8,7,7,8985357,464230,283219,248585,73802,3,453115,0,3973,1,499,1
9,3,1,1977228,181183,84807,47908,337709,0,190962,3,2854,1,441,1
10,7,6,6248080,540629,266969,156962,561788,1,195259,3,3833,1,418,1
11,8,12,2962431,95274,66994,85644,421720,1,191233,3,791,0,433,1
12,2,0,51587,22226,11989,86373,372191,0,400728,0,2833,1,83,3
13,6,13,716901,64438,462792,124732,280449,0,391201,0,3275,1,727,0
14,4,5,3878621,169699,74873,206410,305886,0,226820,3,3246,1,343,1
15,5,6,6134530,605090,243736,164963,70082,3,45934,2,1661,3,814,2
16,0,8,4129618,569538,354510,207200,557140,1,56201,2,2616,1,779,0
17,6,7,965322,67628,159100,74883,441580,1,260311,0,2674,1,944,2
18,7,1,5136263,259077,251934,152226,406786,1,209964,3,4825,2,803,2
19,4,19,4573334,160193,136847,24239,335209,0,64253,2,3284,1,911,2
20,2,2,98797,18941,10931,101638,111236,3,368078,0,4743,2,86,3
21,2,15,54748,26286,8966,100344,395124,0,216960,3,855,0,469,1
22,1,15,3020315,66923,48551,158107,239672,0,389037,0,3021,1,580,0
23,0,18,4053439,690195,283411,247592,445468,1,336773,0,4119,2,985,2
24,1,19,2749217,58231,92739,29162,538829,1,426276,0,4936,2,565,0
25,5,8,11394803,250303,389080,224637,193815,3,22490,1,1640,3,493,1
26,0,9,4579468,699106,179912,24410,411834,1,117068,3,794,0,597,0
27,3,11,2483885,96913,66114,25539,139472,3,237508,3,1629,3,98,3
28,0,3,3653033,531893,254866,27874,469245,1,87614,2,524,0,897,2
29,7,6,7893174,362635,559410,68611,578730,1,438606,0,4582,2,531,0
30,7,4,5920953,879797,569217,79659,539407,1,430820,0,2258,1,843,2
31,3,15,4804547,149065,72697,184232,509421,1,385950,0,3273,1,487,1
32,2,17,95855,28617,9636,231321,588923,1,454646,0,4916,2,600,0
33,3,13,3237876,92796,45597,129438,160787,3,227141,3,1324,3,962,2
34,7,14,5463770,781706,256973,198741,510909,1,453503,0,3668,1,767,0
35,6,14,344413,96548,431874,240190,129270,3,279256,0,3838,1,266,1
36,1,19,2188017,53147,49813,238749,549145,1,130097,3,1172,3,681,0
37,0,13,4467409,528092,245019,248995,125008,3,200907,3,1685,3,903,2
38,4,9,6361965,159015,128201,205679,305133,0,390039,0,4666,2,320,1
39,0,13,4816090,518787,237022,26179,226817,0,328275,0,4891,2,98,3
40,8,8,1799828,80883,92320,174809,148772,3,269684,0,1644,3,268,1
41,5,0,7142225,723520,256960,50615,513083,1,487488,0,1327,3,457,1
42,2,17,81239,29990,5692,216200,563746,1,131271,3,2882,1,108,1
43,5,5,10937915,326262,231708,183106,422929,1,244069,3,981,0,596,0
44,5,19,7922368,987777,229618,97129,50685,2,315527,0,2261,1,587,0
45,6,17,573855,91859,384841,148747,476635,1,238781,3,2828,1,433,1
46,5,2,11572197,414714,356124,153739,114834,3,57902,2,2590,1,102,1
47,1,18,1996353,77874,34246,81589,595349,1,363047,0,1999,3,700,0
48,3,7,2117856,129603,57254,34158,94071,3,85979,2,1287,3,987,2
49,4,19,3860364,187463,100664,125203,261768,0,419227,0,4280,2,373,1
50,2,3,47896,25071,6478,196919,405600,1,386287,0,4365,2,815,2
51,7,6,6963966,791412,578197,29814,387177,0,71889,2,2843,1,628,0
52,6,16,302743,78389,354961,122443,562988,1,90703,2,3356,1,992,2
53,2,18,29549,21820,12344,94365,269544,0,362791,0,4544,2,432,1
54,4,9,7413715,208415,144346,20456,194150,3,251283,0,3259,1,824,2
55,7,3,5416961,342718,536375,279799,440305,1,146171,3,675,0,494,1
56,8,12,2201966,68595,102288,33633,334431,0,110018,3,1671,3,52,3
57,8,8,1686392,56089,30749,182683,518404,1,124315,3,3268,1,225,1
58,3,14,3754034,150834,30574,90576,193342,3,23024,1,521,0,844,2
59,3,15,1567273,125237,85636,291090,393747,0,100529,3,1317,3,904,2
60,7,4,6433244,428586,601108,68100,588046,1,338287,0,3670,1,196,1
61,8,15,2564389,58746,110538,151566,443756,1,259310,0,2320,1,600,0
62,5,3,11432197,269819,91004,231595,395111,0,493679,0,3888,1,852,2
63,6,5,295510,72976,441564,196837,489058,1,114700,3,4104,2,531,0
64,2,12,42875,25667,5580,203845,113552,3,296454,0,3775,1,248,1
65,1,12,1565828,56028,66516,136218,577416,1,347525,0,2244,1,300,1
66,7,9,7494403,557987,469861,225790,317033,0,185758,3,3100,1,999,2
67,7,11,5811522,291616,397280,232403,468049,1,255697,0,2479,1,912,2
68,1,15,1541171,67525,83103,189117,531497,1,234147,3,3272,1,422,1
69,8,18,3125931,153460,87215,252219,456665,1,223259,3,1428,3,209,1
70,4,7,7759790,166833,76724,125795,260632,0,131121,3,2009,1,452,1
71,6,4,508453,88196,342199,25117,258551,0,217818,3,3483,1,643,0
72,5,17,7979396,175843,393020,153856,542990,1,279359,0,840,0,234,1
73,0,11,5612779,545903,240651,272386,558807,1,29908,1,3287,1,485,1
74,4,18,4857028,210803,122652,100976,361813,0,45877,2,4070,2,451,1
75,3,13,4688413,117113,78616,113715,523065,1,70659,2,4530,2,502,0
76,8,19,2680863,103380,57005,270203,67481,3,65656,2,2440,1,920,2
77,0,17,4972540,513727,311297,139483,513039,1,73329,2,4911,2,330,1
78,2,9,51350,25336,11350,100374,595344,1,98878,2,551,0,233,1
79,2,13,78015,17412,5760,242632,217778,0,160218,3,1681,3,916,2
80,3,17,1550928,176945,60451,165471,419230,1,462818,0,4467,2,91,3
81,3,16,2091075,161052,87545,42563,283073,0,421716,0,3219,1,966,2
82,8,18,2441350,189741,104023,297479,433618,1,139371,3,3767,1,531,0
83,0,6,4674328,606834,353299,273297,129600,3,450826,0,4509,2,999,2
84,6,0,271643,93771,280391,110856,131977,3,289683,0,3454,1,488,1
85,0,3,4959250,629055,359717,116479,184284,3,298892,0,2797,1,616,0
86,2,4,21366,29816,11014,262521,77458,3,223791,3,1173,3,75,3
87,1,6,2254082,73583,49272,170418,75330,3,64109,2,2681,1,375,1
88,0,8,4125002,614692,131721,215130,387857,0,166744,3,4407,2,351,1
89,6,1,435369,82298,327046,57780,390654,0,457655,0,504,0,460,1
90,3,12,4905260,143401,58858,263440,106757,3,457414,0,2985,1,132,1
91,5,4,9597525,916067,281469,129217,96868,3,127040,3,3583,1,418,1
92,6,7,995951,81990,559821,87561,434200,1,467397,0,4429,2,189,1
93,6,19,827487,53232,225573,205494,277221,0,369819,0,2559,1,72,3
94,3,19,3080956,113539,45262,277418,451470,1,498490,0,4971,2,887,2
95,8,8,2822292,187774,31597,242063,233133,0,436676,0,2317,1,357,1
96,0,8,5349730,571467,257987,119639,263815,0,41297,2,1250,3,399,1
97,7,2,8679331,207865,553485,250855,507261,1,225391,3,2813,1,680,0
98,2,3,39459,15498,5127,32752,328388,0,395911,0,2934,1,142,1
99,8,4,1969657,120107,108361,225577,493788,1,92792,2,1321,3,571,0
100,4,15,4756638,215593,117130,118275,526080,1,110862,3,4907,2,205,1
102,7,15,5135463,834122,235025,121622,400418,1,445238,0,1118,3,582,0
103,8,1,2169864,139835,47673,91725,316169,0,298546,0,1865,3,594,0
104,8,7,2618350,161266,46917,258277,326018,0,232137,3,4776,2,498,1
105,0,8,4295978,673920,372610,39422,313830,0,372829,0,1832,3,636,0
106,5,11,6693890,609317,200297,115885,384146,0,237605,3,1618,3,605,0
107,4,16,4673711,228815,103453,132250,68847,3,205583,3,1599,3,385,1
108,0,13,4388474,520314,238240,148111,364778,0,246055,3,3341,1,662,0
109,1,0,3454249,68621,35574,91791,585785,1,430063,0,1923,3,417,1
110,7,11,8122876,718282,245997,213723,261900,0,220980,3,3873,1,589,0
111,1,8,3239241,94601,59567,280588,193074,3,456849,0,1563,3,652,0
112,4,0,3947414,173576,119035,93359,512244,1,99156,2,3640,1,850,2
113,5,3,10994191,258365,572335,42807,215681,0,59009,2,4242,2,446,1
114,8,10,1572771,110247,39749,43645,149579,3,222738,3,2665,1,332,1
115,4,6,3635366,101049,98203,29509,500545,1,457996,0,2481,1,532,0
116,2,0,73338,26684,7688,71124,368748,0,380816,0,2100,1,382,1
117,0,19,5194842,604786,167715,126766,307880,0,442890,0,1490,3,998,2
118,3,7,2110277,155944,84974,27003,52098,2,341607,0,4120,2,596,0
119,3,7,3176272,111718,65778,63916,341803,0,288908,0,3235,1,573,0
120,4,13,5812575,249188,79467,284864,89495,3,142018,3,4032,2,112,1
121,1,14,2805864,73618,72666,219200,314600,0,138064,3,1804,3,991,2
122,3,6,4259277,195077,58904,269080,76200,3,388833,0,3380,1,647,0
123,8,17,2274747,197387,92550,231757,361373,0,438891,0,1001,3,253,1
124,6,11,531520,90293,296788,129362,589188,1,365284,0,1015,3,224,1
125,3,4,3053032,157515,34371,252448,567519,1,271792,0,4111,2,578,0
126,1,9,2955762,94910,33798,126676,549433,1,392380,0,582,0,564,0
127,8,18,2107126,197389,119527,285831,161045,3,106898,3,537,0,696,0
128,2,9,58461,17629,5390,236500,162167,3,84199,2,3791,1,579,0
129,4,8,4487875,157196,123948,87040,385916,0,275559,0,4880,2,353,1
130,8,15,2983218,128055,26592,219832,310143,0,326056,0,1175,3,335,1
131,1,1,2744001,65650,76970,63210,217727,0,375851,0,2282,1,964,2
132,1,13,1693776,66275,61714,205578,354016,0,194856,3,4255,2,290,1
133,2,4,90453,22598,11401,251525,421330,1,63702,2,3914,1,526,0
134,1,0,1744455,93839,69744,112064,523177,1,192824,3,3310,1,753,0
135,4,12,5279180,131064,98117,78714,114662,3,406487,0,1573,3,229,1
136,4,3,7046374,196457,70659,99464,73342,3,342055,0,4274,2,707,0
137,2,4,26759,25110,8816,182685,242649,0,321142,0,1862,3,790,0
138,8,5,3313177,144462,97376,134924,104472,3,456744,0,3769,1,781,0
139,8,10,2220206,62845,30153,279740,107295,3,133975,3,1735,3,564,0
140,8,15,3357653,164689,74603,163084,382142,0,498267,0,3113,1,638,0
141,3,5,3342904,182743,28518,83464,320498,0,251935,0,4989,2,209,1
142,2,6,37857,21580,6395,32410,317460,0,62557,2,2835,1,896,2
143,7,16,8819493,607096,516816,190556,324657,0,45918,2,3135,1,951,2
144,7,19,7952244,345666,101961,102403,255384,0,153122,3,1688,3,912,2
145,3,15,2750172,87781,92307,243104,336354,0,134559,3,1697,3,69,3
146,6,11,989772,73447,423699,137168,97315,3,276397,0,903,0,831,2
147,7,9,8086886,414883,256145,78237,157491,3,55093,2,1516,3,301,1
148,3,8,2536736,93248,74188,187014,164795,3,357052,0,2688,1,991,2
149,1,12,3993586,83379,90669,233052,386671,0,104285,3,2350,1,793,0
150,7,18,7765576,863966,180867,256307,375727,0,299924,0,2582,1,212,1
152,0,7,4471134,541434,359152,291070,210244,0,301679,0,3461,1,115,1
153,6,16,280559,54405,584680,222025,540454,1,226522,3,4978,2,140,1
154,4,8,5191066,220894,77067,132908,80503,3,289975,0,2070,1,968,2
155,1,2,2026973,86985,92559,232997,128799,3,114918,3,4326,2,361,1
156,7,4,7327958,404740,321462,67944,223102,0,27283,1,3606,1,237,1
157,3,3,4530570,136829,56256,97118,118070,3,375198,0,2664,1,404,1
158,2,6,45565,24026,5652,145665,253961,0,492174,0,731,0,442,1
159,5,13,10839430,777732,263228,205050,432729,1,441264,0,2138,1,336,1
161,6,5,284956,86468,344115,89035,75652,3,357100,0,1955,3,449,1
162,7,11,6786303,595064,564778,126579,94832,3,355018,0,3912,1,197,1
163,8,13,1807711,190736,52662,203677,212909,0,318872,0,3775,1,615,0
164,2,14,33037,20807,7345,244911,159265,3,31155,2,1465,3,990,2
165,6,9,947543,56521,267685,127962,173327,3,202166,3,4564,2,379,1
166,8,18,2864682,173975,149248,116083,175697,3,51258,2,4064,2,102,1
167,6,8,930824,60827,284059,187680,105131,3,383949,0,1763,3,113,1
168,3,18,3066934,145400,79924,228644,434895,1,341730,0,1160,3,991,2
169,5,7,8526502,612006,112964,183691,355127,0,418439,0,2259,1,622,0
170,3,15,3828538,194007,39462,158681,404045,1,107830,3,4534,2,267,1
171,4,8,5355038,145999,142467,29319,598516,1,306461,0,3981,1,110,1
172,8,13,2423127,139871,33524,248122,356165,0,34320,2,1579,3,98,3
173,8,2,2841619,55354,146411,137441,321290,0,40336,2,1694,3,279,1
174,1,14,3778372,52857,69911,117918,85777,3,225902,3,4379,2,417,1
175,8,10,2001500,157068,72169,284783,401985,1,52915,2,1996,3,984,2
176,4,16,3629024,159993,111280,115736,598301,1,163036,3,4602,2,153,1
177,1,17,2898077,80604,57836,278407,242591,0,365809,0,3050,1,632,0
178,3,1,2516366,126239,89370,110610,321516,0,278374,0,4505,2,434,1
179,4,5,7898289,185479,81441,238288,155665,3,151550,3,3297,1,716,0
180,0,16,4547361,665439,266027,81186,256841,0,216862,3,3032,1,561,0
181,4,9,4039977,184360,130596,62268,163701,3,460960,0,3825,1,389,1
182,0,16,3738871,645726,147883,228368,219608,0,154005,3,3966,1,53,3
183,8,2,2382754,121304,36276,270737,90054,3,160707,3,2876,1,716,0
184,4,12,5924737,166037,143070,275740,435133,1,121613,3,868,0,360,1
185,5,7,11289258,743746,259389,74933,325150,0,236073,3,4681,2,761,0
186,4,4,6734238,209749,139514,120177,94649,3,83931,2,3402,1,236,1
187,6,15,250401,77988,407572,265676,497269,1,329778,0,4474,2,983,2
188,5,11,8776328,792923,440255,295601,343222,0,79446,2,1452,3,596,0
189,5,2,8599633,767619,329494,165319,529459,1,94583,2,2112,1,168,1
190,6,18,925181,55481,218205,173888,423408,1,154279,3,1656,3,276,1
191,3,8,4632503,141678,68315,173254,69727,3,372459,0,4858,2,641,0
192,5,18,6492064,912482,311726,271930,245987,0,64598,2,4369,2,707,0
193,0,0,3546080,537089,395827,112189,312452,0,111075,3,2841,1,369,1
194,3,5,4772479,112479,74623,50083,394981,0,48604,2,2534,1,383,1
195,8,9,3431186,71818,79540,231467,185569,3,66282,2,4971,2,976,2
196,1,6,1962630,56698,39332,138351,324290,0,255931,0,3092,1,834,2
197,2,8,26877,29071,7620,125201,378383,0,325061,0,2179,1,470,1
198,7,15,8635164,853826,160776,235369,255958,0,91452,2,4911,2,352,1
199,7,2,6261662,213992,105833,148500,345365,0,140300,3,4176,2,377,1
200,2,4,44324,28505,8002,284563,479658,1,375291,0,1000,3,231,1
201,8,10,3392082,80432,59466,282306,316259,0,440979,0,1994,3,852,2
202,4,4,7429899,161758,120261,260153,333926,0,498097,0,4621,2,434,1
203,3,1,2542058,179807,77203,216372,130058,3,244931,3,4762,2,365,1
204,2,4,95773,15831,10463,256749,299466,0,395418,0,2247,1,639,0
205,6,5,551620,74667,46797,90657,171130,3,151878,3,2605,1,386,1
206,0,16,4602205,622368,106972,28578,187877,3,64386,2,3940,1,684,0
207,5,5,10881116,538841,153045,27436,54782,2,408045,0,2334,1,957,2
208,7,0,6567116,615796,538752,36780,458387,1,162918,3,2977,1,334,1
209,7,8,7696443,210256,294402,188964,66091,3,157168,3,1896,3,596,0
210,0,12,4380155,692012,271597,233913,407798,1,312176,0,2094,1,707,0
211,1,12,2183338,75738,80296,57470,130881,3,62363,2,683,0,362,1
212,7,12,8028085,271118,318469,133467,558723,1,478503,0,769,0,781,0
213,7,13,6556195,396286,187988,112624,256883,0,239599,3,1843,3,350,1
214,1,6,3896265,58619,86020,283016,356731,0,203835,3,3550,1,193,1
215,6,2,427284,76315,544900,90613,182572,3,361809,0,1912,3,687,0
216,3,10,2438979,138811,62821,253356,372133,0,461388,0,3430,1,284,1
217,4,8,6861790,175999,96028,24707,376797,0,384740,0,2009,1,609,0
218,2,2,22597,23170,9123,88759,422712,1,279751,0,1467,3,638,0
219,1,10,1663119,74738,56631,227023,434545,1,143662,3,4557,2,58,3
220,3,8,3741503,136093,91283,200714,406940,1,436653,0,1366,3,473,1
221,4,0,6330411,232117,80995,296798,549438,1,328114,0,2869,1,462,1
222,1,14,3210478,80862,41756,216667,374662,0,57916,2,1843,3,690,0
223,5,16,8035962,916516,325225,138989,575745,1,362186,0,2275,1,999,2
224,8,3,1899816,136018,61465,295111,281576,0,350415,0,4086,2,726,0
225,4,6,5829214,184218,81877,72283,173509,3,447902,0,1863,3,632,0
226,1,6,3206197,68609,53900,269822,146175,3,165116,3,4927,2,931,2
227,6,12,644512,78684,530866,299585,155022,3,255484,0,3098,1,60,3
228,0,11,4328645,664846,255250,125676,355028,0,212431,3,4924,2,316,1
229,3,16,2319884,83792,86069,223116,291681,0,226111,3,2264,1,921,2
230,3,6,4954388,125546,49906,71656,94000,3,282491,0,1446,3,642,0
231,1,16,2508845,67992,49911,175259,470533,1,270033,0,2080,1,140,1
232,0,12,3821819,653529,368745,211290,428002,1,182941,3,1510,3,407,1
233,5,1,5636891,929423,290111,242615,263078,0,322939,0,3019,1,525,0
234,5,13,8350201,851157,172909,146337,492240,1,87290,2,1828,3,958,2
235,6,19,891256,50091,313752,257812,563657,1,207837,3,3262,1,946,2
236,2,19,82058,27738,12266,152188,451661,1,104515,3,1907,3,653,0
237,1,18,2619407,69482,77754,88066,379056,0,32037,2,1348,3,339,1
238,1,8,2047088,79472,58334,205191,448640,1,475507,0,800,0,664,0
239,4,2,4934588,136417,105617,282938,518349,1,188295,3,3782,1,52,3
240,6,7,799774,63893,81682,290467,222492,0,52001,2,913,0,515,0
241,7,9,8694456,819202,220723,98113,241268,0,451926,0,1132,3,903,2
242,5,3,6442469,931274,115739,261387,278091,0,340250,0,4011,2,994,2
243,5,15,6773705,985854,541200,141291,513330,1,498748,0,1590,3,204,1
244,6,1,809890,54925,247316,118212,507943,1,207823,3,737,0,950,2
245,1,16,3498158,90159,89714,236346,288708,0,415013,0,721,0,171,1
246,6,2,423415,87364,373437,173788,85469,3,351416,0,1343,3,974,2
247,7,0,7536480,530077,277303,97320,135454,3,190074,3,3503,1,343,1
248,0,12,5599535,560073,293663,254837,58868,2,172961,3,3724,1,471,1
249,1,17,2720478,54104,93841,285446,383653,0,252013,0,2337,1,378,1
250,0,3,4207782,568265,109143,109262,329867,0,158133,3,3839,1,306,1
251,8,16,2540255,97516,103594,61131,280299,0,275727,0,4654,2,391,1
252,3,7,2569086,104845,47971,118569,456604,1,399106,0,3080,1,218,1
253,8,0,3087355,198074,107340,74590,262803,0,118954,3,716,0,91,3
254,8,12,1909846,200137,100316,173025,127666,3,120669,3,4215,2,618,0
255,6,15,316705,98043,286436,107697,209042,0,370882,0,3801,1,979,2
256,7,17,6131356,748174,375356,215131,210217,0,334860,0,3728,1,501,0
257,4,4,3730884,225934,96320,23714,274606,0,92807,2,3231,1,463,1
258,4,7,3811320,103510,145340,73384,551882,1,413094,0,1357,3,686,0
259,4,5,5998812,163350,139673,169817,349100,0,219849,3,552,0,555,0
260,3,14,3538394,138484,46344,149092,331500,0,478888,0,2815,1,821,2
261,1,1,3271516,82673,47199,153946,138171,3,42416,2,916,0,736,0
262,3,10,2569165,164980,46382,240783,339366,0,341214,0,3040,1,414,1
263,6,18,260088,95856,485402,161819,327550,0,361247,0,2711,1,495,1
264,0,0,3161643,697651,183009,297670,524358,1,149124,3,2463,1,913,2
265,7,2,8035469,286076,478650,229196,455808,1,392319,0,4136,2,381,1
266,0,11,3272958,658984,219663,38770,522904,1,236725,3,2974,1,358,1
267,3,4,1850253,145599,94114,264842,282783,0,422951,0,1704,3,397,1
268,3,10,3807598,75819,91436,137845,417659,1,299417,0,1464,3,635,0
269,2,18,58860,29987,12440,271646,535280,1,263001,0,2886,1,728,0
270,1,1,3896492,64316,84864,169846,103681,3,279022,0,4390,2,763,0
271,0,2,5796108,617753,177890,190535,595187,1,89367,2,2088,1,347,1
272,5,18,10585413,519357,95067,71154,501711,1,177438,3,4899,2,644,0
273,0,13,4764078,531581,160828,261632,257897,0,328251,0,4526,2,349,1
274,7,6,5256610,754798,144403,247437,64869,3,121142,3,3624,1,524,0
275,5,10,9904745,901807,239594,42769,352349,0,77154,2,2366,1,800,2
277,0,14,3865263,649903,318387,79267,517242,1,231155,3,2553,1,234,1
278,4,9,7673827,120524,106877,155142,443622,1,353340,0,3982,1,306,1
279,1,3,1970391,93073,92494,259351,557503,1,299120,0,3630,1,155,1
280,2,5,25815,27881,8960,229849,331706,0,109791,3,3429,1,404,1
281,4,14,6447587,137371,85571,138371,255258,0,172113,3,2965,1,265,1
282,1,14,2325518,57679,36053,222686,389185,0,429551,0,1455,3,952,2
283,1,5,3383960,78546,85232,189190,233455,0,278618,0,1318,3,698,0
284,1,4,1781994,90992,64437,226088,162045,3,406456,0,3804,1,469,1
285,0,0,4999421,667718,128752,227035,316025,0,350501,0,1039,3,133,1
286,8,10,2292858,129674,93341,199444,354274,0,192226,3,4797,2,241,1
287,0,7,3493382,568466,368270,220227,593177,1,260425,0,4774,2,616,0
288,1,13,2481144,70811,72082,223052,256298,0,265230,0,1402,3,382,1
289,0,5,3424503,507754,398637,228037,260398,0,199328,3,4567,2,707,0
290,7,0,9003514,597848,129144,21291,69963,3,419480,0,4513,2,273,1
291,3,16,1948379,111814,89667,113007,432371,1,160590,3,1219,3,584,0
292,6,5,517349,92444,293343,182338,276795,0,421643,0,4042,2,298,1
293,6,8,917154,50488,300509,79061,219514,0,67216,2,2468,1,833,2
294,8,0,1758527,70177,67459,233574,97107,3,454014,0,635,0,914,2
295,3,18,3037914,134001,58190,218632,306685,0,413151,0,3639,1,472,1
296,3,17,4977957,187676,64048,137186,117796,3,438138,0,2347,1,593,0
297,3,13,4127195,180658,91776,25278,547535,1,136858,3,520,0,257,1
298,6,0,817921,63891,299213,83406,503032,1,65462,2,3205,1,319,1
299,3,5,3127050,97121,25614,169530,593001,1,379071,0,4496,2,329,1
300,7,1,6344051,675593,247445,272737,213118,0,490637,0,4000,2,387,1
301,8,18,3005588,89933,55159,22465,512800,1,262329,0,1340,3,376,1
302,0,14,4600534,582693,152418,250285,539306,1,384046,0,1098,3,193,1
303,8,17,2766842,95614,37814,148657,89798,3,190109,3,3847,1,137,1
304,2,17,83490,15981,11661,114939,539986,1,320584,0,1185,3,427,1
305,1,19,3777373,72769,90583,290368,243762,0,32670,2,3956,1,987,2
306,4,12,5067327,210574,135529,257761,321560,0,436598,0,1537,3,421,1
307,1,16,3063905,82087,92144,271934,448093,1,472571,0,1118,3,846,2
308,0,16,4953420,520118,336874,117444,361351,0,450256,0,4281,2,510,0
309,3,16,1548753,131577,64469,290049,324406,0,59516,2,2443,1,904,2
310,4,3,4661825,167673,80187,296902,529669,1,104580,3,3238,1,934,2
311,4,9,5615260,191999,141005,179661,78896,3,316073,0,1431,3,367,1
312,5,14,9546937,632563,199926,184030,451150,1,106390,3,1150,3,655,0
313,2,4,81040,19741,10617,288160,373362,0,239231,3,3554,1,192,1
314,3,4,2074009,144355,37008,201308,166541,3,364058,0,3179,1,312,1
315,4,13,4713249,172258,98023,84745,414458,1,90793,2,1891,3,682,0
317,2,12,85918,18229,7428,155837,279143,0,424350,0,1101,3,639,0
318,6,4,369966,86800,37970,27258,500851,1,198802,3,2877,1,164,1
319,2,10,61393,20527,11102,230167,588722,1,209065,3,4529,2,594,0
320,2,13,38644,30428,5045,223908,95253,3,420287,0,4118,2,667,0
321,6,10,492136,76667,309759,114353,96045,3,157018,3,3464,1,105,1
322,8,15,2838652,58022,139184,85045,289159,0,298681,0,1396,3,383,1
323,6,9,622311,65127,157937,168602,228095,0,469595,0,622,0,256,1
324,2,18,40188,15499,8785,67751,212752,0,367140,0,4994,2,387,1
325,2,5,76827,21144,11069,242511,61277,3,91439,2,2192,1,494,1
326,2,3,56620,28625,6170,165627,200080,0,496474,0,1325,3,394,1
327,2,14,35891,16821,6887,204265,141347,3,387281,0,2544,1,304,1
328,2,13,75708,18937,11503,203992,179347,3,225239,3,772,0,316,1
329,6,11,446157,61297,237415,201990,502584,1,22834,1,1016,3,240,1
330,4,13,6479655,112314,130447,248663,527142,1,246097,3,891,0,566,0
331,3,8,3288763,136402,61816,123779,205217,0,157103,3,4156,2,744,0
332,5,2,10747561,656283,514125,31947,487032,1,153998,3,4477,2,821,2
333,3,10,2697091,112760,64809,181305,528928,1,161351,3,2661,1,119,1
334,7,5,5367878,705236,493706,160225,579012,1,443307,0,3800,1,522,0
335,2,0,35702,20053,7054,69742,515739,1,252961,0,1501,3,397,1
336,0,7,3315783,642131,165378,100053,158834,3,219263,3,1614,3,458,1
337,0,13,4159776,564525,176113,98575,114762,3,154765,3,1094,3,940,2
338,6,4,672732,77970,240538,68222,543493,1,238604,3,3314,1,750,0
339,3,16,3415445,146570,59625,247104,523436,1,247567,3,1841,3,99,3
340,8,0,2842441,147882,78569,129611,592447,1,219687,3,2732,1,77,3
341,6,7,552486,69345,462542,71247,305829,0,395070,0,854,0,536,0
342,0,8,4440023,516219,348528,252122,340966,0,411805,0,4222,2,381,1
343,6,7,402552,70071,590607,270706,111075,3,458364,0,3658,1,388,1
344,7,2,8336489,295983,350041,24220,582268,1,102583,3,2039,1,470,1
346,8,3,2213958,113337,68119,150289,436820,1,459597,0,1397,3,282,1
347,1,14,3769594,53284,73443,123780,439455,1,335715,0,967,0,984,2
348,0,19,4164088,634291,230819,64896,585699,1,81449,2,2365,1,479,1
349,7,3,7085097,721807,213739,294051,135716,3,135767,3,2903,1,513,0
350,2,12,67714,29422,5257,242034,349451,0,401356,0,4593,2,69,3
351,0,14,5629947,663321,354934,226970,55038,2,65542,2,1067,3,550,0
352,1,5,3203328,84241,50882,66605,127569,3,307853,0,3868,1,253,1
353,4,17,7129982,106962,134728,62949,432708,1,248435,3,665,0,161,1
354,5,4,11748986,290787,399629,230203,560830,1,160554,3,1500,3,930,2
355,0,1,4429344,698520,184333,120165,360105,0,461257,0,1461,3,51,3
356,0,8,3551645,564902,323461,60043,287164,0,138217,3,3161,1,222,1
357,1,17,3012375,80431,73127,149542,315161,0,229160,3,2864,1,201,1
358,3,4,1633709,115864,26634,64079,238884,0,225313,3,4542,2,757,0
359,1,19,2439428,89217,60336,66668,128752,3,414287,0,3626,1,281,1
360,1,15,3088388,80674,68540,286451,485713,1,36438,2,4690,2,205,1
361,3,15,2980774,176494,25102,170350,261251,0,465968,0,4047,2,707,0
362,4,18,4793486,135834,129703,109357,421008,1,69858,2,2538,1,803,2
363,2,3,34043,15716,7048,269123,198495,3,74461,2,2533,1,101,1
364,1,3,3267496,80921,38663,144804,62245,3,392530,0,2157,1,616,0
365,7,3,8714454,347550,153795,119034,547681,1,145654,3,4366,2,983,2
366,7,14,5712098,253354,163454,106550,560120,1,381836,0,4018,2,781,0
367,6,16,702118,96867,576707,41827,204146,0,40024,2,3953,1,776,0
368,6,2,323008,60575,533309,146967,372740,0,213904,3,2439,1,173,1
369,8,6,3088788,184145,136781,195792,372373,0,444332,0,3892,1,647,0
370,1,8,2822673,56071,39151,40380,523787,1,175277,3,4305,2,247,1
371,2,0,68852,16926,11111,293308,71575,3,135050,3,3294,1,633,0
372,6,2,852046,71567,447515,107993,232917,0,169647,3,2588,1,736,0
373,3,10,4101213,142139,49391,131465,549817,1,211881,3,3183,1,275,1
374,0,5,4266061,661431,154004,282837,242803,0,320990,0,2481,1,262,1
375,8,5,3357419,168817,42045,197158,510848,1,29951,1,1928,3,934,2
376,0,12,5888505,556595,192499,88485,363201,0,462217,0,2845,1,773,0
377,0,16,5115747,536072,131460,118184,374766,0,418428,0,2283,1,748,0
378,3,5,4801915,77143,30728,92324,393278,0,384149,0,2559,1,671,0
379,4,9,6514477,227813,112816,231086,90134,3,267173,0,3337,1,327,1
380,6,10,261620,92135,89507,232744,575248,1,216671,3,3331,1,677,0
381,3,7,2489175,117933,55333,231251,94956,3,317593,0,1817,3,897,2
382,0,1,4857456,574863,320201,23068,81955,3,302818,0,2088,1,499,1
383,6,14,546894,54009,40688,164285,375069,0,153578,3,4400,2,908,2
384,1,3,2470442,59022,80015,79894,471420,1,155897,3,3391,1,77,3
385,7,15,6349006,740379,185568,21296,376492,0,292482,0,2783,1,352,1
386,7,0,8504835,334790,254235,286157,60958,3,297769,0,3297,1,799,0
387,4,15,6953507,210941,114935,156871,579393,1,433129,0,1080,3,641,0
388,5,19,8368742,496002,468163,295073,514564,1,445124,0,1368,3,571,0
389,4,7,5213768,154031,85545,141734,140356,3,82052,2,2889,1,858,2
390,6,0,371715,91844,176326,251437,370989,0,26957,1,3247,1,90,3
391,6,6,509353,51187,548253,161360,211741,0,199090,3,891,0,932,2
392,2,19,70554,25415,10917,120662,276452,0,302424,0,4353,2,748,0
393,1,19,1643499,60523,68569,41263,446973,1,392421,0,2877,1,926,2
394,3,7,3756071,154525,35338,94437,77269,3,458746,0,4123,2,223,1
395,1,12,3651529,87441,94294,110716,416474,1,180594,3,3664,1,826,2
396,3,11,4692849,77735,93359,42993,111651,3,329606,0,1225,3,798,0
397,5,1,9435343,524127,116450,134508,563850,1,36498,2,3886,1,882,2
399,6,10,518335,74339,427513,97103,333719,0,179061,3,924,0,137,1
400,0,3,3330208,679473,196767,192175,292557,0,448422,0,2966,1,874,2
401,3,18,1921419,138183,88144,157878,253295,0,406038,0,1302,3,260,1
402,3,6,3036995,162817,47904,27175,493283,1,362892,0,3963,1,792,0
403,0,5,5786724,680617,351762,259013,283067,0,235825,3,3820,1,746,0
405,1,3,2862776,54260,80221,216041,426917,1,459815,0,2182,1,930,2
406,8,15,2735909,187403,29633,78199,413225,1,164563,3,1948,3,88,3
407,4,12,7301805,223513,128432,246530,209597,0,137989,3,2384,1,343,1
408,6,15,437998,57819,290621,212537,186215,3,224141,3,780,0,509,0
409,5,4,11758948,864831,143947,170096,90347,3,406793,0,2211,1,747,0
410,8,3,2787366,56133,34074,156766,233347,0,448836,0,3625,1,744,0
411,1,4,1904052,67258,55597,180123,496046,1,176913,3,4982,2,936,2
412,8,14,3016743,126174,100268,151221,239669,0,132602,3,2674,1,483,1
414,5,2,7774886,948796,366916,50459,527986,1,293145,0,2633,1,642,0
415,8,3,3054491,55956,85886,79510,301018,0,327495,0,3835,1,919,2
416,4,6,4613638,230959,119386,283350,150942,3,33460,2,984,0,665,0
417,6,9,851539,72099,321482,244673,407461,1,58289,2,2360,1,457,1
419,2,10,93593,18430,5010,42083,89671,3,360278,0,1405,3,554,0
420,8,1,3217914,79940,68745,299061,590775,1,90487,2,3830,1,785,0
421,5,13,5780109,119415,521785,216249,148162,3,349108,0,2446,1,266,1
422,4,9,5502581,149251,87073,30485,537316,1,128913,3,3986,1,203,1
423,3,4,1753737,170068,35407,258407,431785,1,100578,3,4181,2,859,2
424,0,7,3672786,561030,282634,211308,390681,0,216303,3,2486,1,462,1
425,4,1,6681776,102966,105408,60592,211369,0,301983,0,1023,3,393,1
426,3,2,3996419,163386,44721,89538,532809,1,56849,2,1625,3,863,2
427,3,7,3579305,107662,47435,89853,594552,1,212804,3,4313,2,845,2
428,4,0,5876468,240697,79111,83697,232038,0,77329,2,1066,3,691,0
429,3,16,4339832,159319,75585,178823,63579,3,491032,0,3080,1,357,1
430,3,10,3992956,95842,95585,115650,326359,0,411704,0,2577,1,997,2
431,4,19,7074505,153737,90942,279482,403993,1,136865,3,2285,1,300,1
432,2,8,34427,21692,7285,227372,478050,1,321752,0,2671,1,462,1
433,0,9,5834155,628759,167314,113784,432561,1,355629,0,3093,1,211,1
434,6,3,889965,69566,42560,158397,587475,1,363187,0,1296,3,887,2
435,0,2,5874724,531483,354356,240117,144650,3,329766,0,711,0,50,3
436,7,19,7455540,209747,581550,209728,300296,0,490155,0,853,0,737,0
437,8,9,2555765,158393,143191,244819,568487,1,326066,0,2964,1,645,0
438,3,17,2217309,111100,74028,289695,225456,0,268557,0,1133,3,63,3
439,1,5,2777453,64380,57461,180623,220791,0,250466,0,1279,3,951,2
440,2,8,63711,27911,5094,85912,145625,3,369796,0,4718,2,988,2
441,0,14,4338893,665704,359412,119040,513077,1,75763,2,1420,3,368,1
442,1,19,2137607,89718,31620,22895,317690,0,229986,3,4523,2,963,2
443,0,5,4549371,689895,103765,283513,556621,1,335739,0,1359,3,738,0
444,3,1,4361724,129450,28779,184437,283557,0,446136,0,3621,1,423,1
445,7,14,8836100,412453,538351,210299,199939,3,497027,0,569,0,965,2
446,6,13,250753,72006,366796,273636,342174,0,89226,2,2416,1,114,1
447,7,4,8746697,226561,451974,266176,491055,1,479910,0,3129,1,80,3
448,7,16,5016520,434024,441121,124453,191282,3,20390,1,4837,2,182,1
449,0,17,4724948,561005,226279,127775,596761,1,64072,2,4371,2,220,1
450,4,15,6116618,118849,118950,213033,469722,1,203833,3,968,0,167,1
451,3,0,4159876,124894,99939,64492,433471,1,165986,3,2961,1,683,0
452,8,5,2567570,98091,77486,185330,236165,0,240566,3,822,0,749,0
453,5,8,6147158,380188,72348,56677,475152,1,486094,0,2027,1,756,0
454,8,8,1684484,115633,123304,298555,216521,0,484807,0,1861,3,888,2
455,2,4,62225,29647,11414,85471,128181,3,424177,0,3181,1,673,0
456,6,19,827993,87303,121693,58181,76835,3,111493,3,2877,1,835,2
457,0,10,3137758,559197,114290,269594,591879,1,383396,0,3590,1,821,2
458,4,17,7488881,194907,140387,218273,302199,0,236691,3,1279,3,767,0
459,6,12,637625,57498,38219,163578,367968,0,246943,3,2517,1,114,1
460,0,14,4083566,663842,101478,264947,244260,0,205057,3,1073,3,881,2
461,6,4,416270,70345,68570,139113,185799,3,348186,0,1915,3,346,1
462,5,0,11154712,146322,134006,258523,252415,0,370271,0,1897,3,786,0
463,6,1,572765,63316,203268,64249,357402,0,165072,3,4723,2,958,2
464,1,17,2812156,63336,77931,209099,101143,3,356463,0,2759,1,717,0
465,8,7,3054630,193271,95809,168862,396098,0,102401,3,3243,1,689,0
466,3,1,4959472,191987,55544,246236,236936,0,363160,0,4542,2,97,3
467,0,18,3887823,634417,215574,63920,152229,3,28181,1,775,0,245,1
468,6,6,543788,95751,67405,210636,149389,3,308270,0,4897,2,709,0
469,6,4,607504,89135,516120,64836,185901,3,212074,3,2558,1,722,0
470,6,17,932768,70541,53659,232772,545969,1,150124,3,1733,3,771,0
471,1,18,1844033,80967,64172,279713,121848,3,390097,0,2866,1,333,1
472,3,16,3850104,115515,36493,193956,284927,0,261696,0,3958,1,562,0
473,6,1,564500,94736,289705,84483,284671,0,171846,3,683,0,233,1
474,0,3,5989321,575237,368696,173392,289669,0,449996,0,2028,1,857,2
475,7,9,5827988,220203,119319,193527,190133,3,455595,0,3340,1,503,0
476,3,6,4327841,177565,40916,278357,415902,1,195651,3,2100,1,243,1
477,8,18,3232565,106091,103611,76241,545845,1,478053,0,3461,1,644,0
478,8,8,1516280,139609,140307,241892,276148,0,79962,2,569,0,923,2
479,5,15,7976194,355900,345593,52720,592043,1,369620,0,1173,3,605,0
480,0,8,3140133,665828,339160,257629,437612,1,304881,0,4957,2,743,0
481,1,0,3041934,82554,31209,127580,471723,1,391826,0,2000,1,313,1
482,4,2,6061160,180164,135107,295782,595911,1,178892,3,849,0,513,0
483,6,0,456655,51293,237774,74671,591356,1,499255,0,2945,1,133,1
484,1,8,3321374,93246,84703,163764,177024,3,96138,2,1793,3,650,0
485,7,6,8359242,652341,160188,245789,506330,1,331064,0,1356,3,137,1
486,2,2,58189,25627,6195,128131,438654,1,100563,3,4159,2,190,1
487,5,17,7606476,247567,90393,52783,227867,0,294356,0,1931,3,171,1
488,1,5,3508142,54860,45523,220022,324872,0,152057,3,4219,2,799,0
489,5,17,11177286,707606,179862,116030,558799,1,46406,2,3136,1,514,0
490,4,18,6587132,172003,114096,197894,329041,0,170266,3,1237,3,171,1
491,4,9,5031262,102152,118212,166272,191662,3,408827,0,3764,1,640,0
492,1,16,3460390,76559,64089,89382,521421,1,444558,0,3300,1,406,1
493,2,2,72976,15501,7445,267380,540503,1,364752,0,2187,1,667,0
494,3,14,3042823,84244,37561,185634,573978,1,228665,3,3548,1,966,2
495,2,14,35787,17048,10906,34374,146275,3,78629,2,1432,3,526,0
497,1,13,3630118,89572,62365,242461,441082,1,57100,2,1253,3,126,1
498,3,7,4718405,184923,66712,72036,60964,3,492121,0,3178,1,901,2
499,4,19,4186408,110886,87541,196530,421067,1,108179,3,2752,1,397,1
500,6,12,617384,93801,52065,109355,485449,1,388000,0,4323,2,433,1
501,7,11,8395626,866798,283647,274876,116061,3,218314,3,1144,3,847,2
502,4,19,6549616,188304,140293,26459,346358,0,397307,0,4780,2,821,2
503,0,4,3558826,640466,350239,281839,230668,0,171118,3,549,0,264,1
504,2,12,91660,28550,7427,223611,464353,1,219423,3,2416,1,837,2
505,3,11,1992426,105168,32576,212202,227516,0,361011,0,2634,1,507,0
506,0,1,3471738,533352,334474,152078,566564,1,304095,0,1297,3,752,0
507,4,16,4265706,140532,148761,135143,132167,3,422109,0,2732,1,622,0
508,8,19,2810177,159266,88756,89443,378372,0,388252,0,842,0,248,1
509,2,3,58046,28935,6965,232773,340074,0,169203,3,1790,3,944,2
510,1,17,2524714,83616,91904,139668,207138,0,434223,0,1881,3,238,1
511,5,17,6417057,141245,144780,256547,142386,3,430588,0,2269,1,747,0
512,6,3,519879,69898,62976,276036,577649,1,449498,0,2108,1,50,3
513,2,7,33618,29466,7864,175569,431370,1,148821,3,2723,1,331,1
514,8,8,1996771,170536,28214,237564,441051,1,179614,3,4426,2,363,1
515,7,10,7663206,216436,335552,264173,400652,1,358377,0,3472,1,790,0
516,8,3,3468924,170223,105388,276060,337588,0,183446,3,1455,3,989,2
517,5,3,11722210,830365,340093,277157,375086,0,20180,1,3025,1,664,0
518,0,14,3411317,686817,253128,257639,158749,3,398926,0,2549,1,503,0
519,8,1,1568324,190841,104873,215276,532201,1,211480,3,1119,3,596,0
520,6,10,989020,68819,73408,292657,330492,0,341167,0,532,0,387,1
522,7,2,8990364,215476,406188,190348,158844,3,242658,3,503,0,81,3
523,4,0,4850617,155375,132682,33390,357426,0,495252,0,1060,3,999,2
524,4,15,7690930,108605,114567,204679,129876,3,337554,0,1572,3,354,1
525,7,0,8911745,311682,358377,123212,324061,0,251559,0,755,0,539,0
526,8,11,1866876,57906,64512,79957,248978,0,38690,2,1098,3,402,1
527,7,1,6804028,200866,352985,211772,316013,0,363758,0,3325,1,220,1
528,4,14,4805245,125833,112740,264770,411420,1,399457,0,2071,1,812,2
529,2,9,85784,29363,9561,26967,305628,0,273426,0,2675,1,943,2
530,8,15,1759062,51858,91589,64230,512928,1,483789,0,3220,1,324,1
531,8,9,1962456,154622,96920,82599,488803,1,182451,3,2279,1,270,1
532,8,14,1687747,115304,139011,180990,106693,3,169139,3,4939,2,240,1
533,8,9,1963341,69824,146810,204719,157465,3,244647,3,3746,1,778,0
534,6,10,415204,83263,86011,299670,163973,3,227798,3,2350,1,990,2
535,3,9,2507116,147628,62942,264553,230302,0,307217,0,1255,3,696,0
536,2,0,15983,19475,8461,206067,429449,1,222505,3,2345,1,59,3
537,1,17,3204916,50159,37998,120176,63264,3,430828,0,3225,1,293,1
538,7,16,7205757,396784,127849,211298,173001,3,173539,3,2782,1,185,1
539,1,12,2421092,55024,82640,176389,455623,1,481831,0,1801,3,70,3
540,7,15,6255611,321566,468360,119661,457021,1,82687,2,1439,3,102,1
541,0,17,5188368,556874,245350,36841,137479,3,147467,3,1115,3,489,1
542,6,14,849050,99167,72858,42314,526492,1,131664,3,4830,2,172,1
543,2,1,80392,16635,10584,76407,363149,0,96553,2,4040,2,173,1
544,5,10,7470102,271535,244950,84413,190085,3,274036,0,3788,1,499,1
545,1,18,1774407,71467,64759,21271,432686,1,196006,3,1052,3,173,1
546,6,11,312241,63685,388750,30072,587988,1,333740,0,524,0,196,1
547,8,9,3447736,91977,105964,148962,490801,1,91753,2,1054,3,544,0
549,7,5,7673029,402884,411174,43287,267077,0,147007,3,2071,1,462,1
550,3,9,3122725,117860,83291,152221,62084,3,170409,3,2152,1,107,1
551,6,12,761418,96197,83567,268953,339800,0,387010,0,3780,1,430,1
552,1,12,1777848,76592,74248,227533,481797,1,85392,2,4551,2,802,2
553,2,1,72335,19732,6250,86040,127850,3,426419,0,1593,3,191,1
555,4,16,5785670,132561,113158,175212,472024,1,20108,1,4855,2,886,2
556,2,11,91804,23739,10554,134544,223353,0,48053,2,2994,1,597,0
557,6,17,669699,93512,405825,136069,203920,0,381542,0,1355,3,799,0
558,0,2,5979478,594616,347124,240472,195270,3,318856,0,2196,1,296,1
559,2,5,23636,30068,12173,261514,542139,1,423014,0,2720,1,96,3
560,5,15,6383366,379139,301631,103424,237209,0,105984,3,3016,1,400,1
561,6,9,911143,60276,444895,266255,74603,3,468376,0,1119,3,967,2
562,4,18,7472285,248066,126506,292684,339299,0,135758,3,2634,1,621,0
563,4,13,7652613,249470,70164,125465,502239,1,38471,2,2124,1,893,2
564,0,6,5059452,511926,203459,218639,411119,1,152882,3,848,0,586,0
565,5,6,8425765,944858,143723,195621,446183,1,400433,0,3763,1,919,2
566,7,15,6965628,683145,181619,166604,257682,0,412190,0,4499,2,92,3
567,4,15,4678019,192354,87316,62068,488731,1,454477,0,3134,1,973,2
568,0,6,5205483,553997,312716,233151,457897,1,469594,0,4998,2,488,1
569,2,2,30000,21277,10805,264463,218626,0,353409,0,1644,3,962,2
570,4,17,6157314,246866,102706,155517,499945,1,331960,0,1634,3,960,2
571,5,1,6187321,778478,254089,227039,130595,3,250865,0,4727,2,234,1
572,7,8,8182188,592805,603725,23709,267371,0,384310,0,4841,2,92,3
573,5,13,8337679,265204,319094,43394,153510,3,305359,0,1498,3,765,0
574,1,0,2040499,64151,58898,183613,436215,1,489210,0,1262,3,984,2
575,2,19,95387,17075,6588,173138,68426,3,480040,0,3562,1,75,3
576,2,14,69306,23734,9053,272782,212439,0,252028,0,2137,1,92,3
577,0,0,3484868,521050,228659,31313,139069,3,338929,0,3410,1,818,2
578,0,4,3262341,631882,164151,20527,372869,0,400658,0,4019,2,411,1
579,0,9,5735277,614997,214902,116845,423923,1,42088,2,856,0,490,1
580,3,0,3453134,191903,39057,93175,301035,0,71228,2,2247,1,388,1
581,6,8,863656,90514,426114,20804,74745,3,291191,0,1943,3,803,2
582,3,15,1694055,184795,33619,295397,229238,0,168929,3,2961,1,288,1
583,1,17,2452729,62530,50988,89353,116609,3,200550,3,1168,3,105,1
585,5,0,6741332,888671,490315,160606,67959,3,103118,3,876,0,834,2
586,2,3,91774,17978,11365,47633,157223,3,421850,0,4864,2,919,2
587,6,13,548529,85916,228919,63751,269912,0,494746,0,3564,1,88,3
588,1,8,2895480,68110,72807,210452,419598,1,395755,0,2037,1,948,2
589,8,10,2358214,60000,123198,197746,506660,1,274404,0,3364,1,909,2
590,5,7,8588276,788530,482309,226088,207070,0,421830,0,1330,3,113,1
591,8,8,2693672,111638,72607,187908,338778,0,257510,0,796,0,89,3
592,5,6,8360241,667731,117845,136422,300580,0,96272,2,2118,1,778,0
593,6,17,266582,92709,573853,42453,211402,0,116382,3,4330,2,931,2
594,1,12,2409471,83125,63775,152164,476649,1,393332,0,3646,1,723,0
595,7,6,5900703,310003,160620,106571,430309,1,240939,3,4335,2,621,0
596,4,17,4196534,116184,112647,236834,429790,1,496925,0,2082,1,245,1
597,5,12,10213225,439289,84922,70426,380623,0,210771,3,3204,1,285,1
598,0,16,3444521,682186,332103,294010,599052,1,460563,0,4284,2,234,1
599,4,7,5685739,215746,96850,162032,442415,1,439193,0,4400,2,259,1
600,3,16,2445318,153217,92681,180554,396749,0,473125,0,2482,1,516,0
601,0,3,5050663,643133,395988,132252,276603,0,499997,0,3335,1,375,1
602,8,18,2299574,121013,40183,295582,455589,1,50886,2,1972,3,50,3
603,5,14,10284790,214995,644490,123695,445762,1,261336,0,2694,1,358,1
604,4,14,7069643,131386,97309,233843,188665,3,234590,3,4885,2,975,2
605,4,16,7441712,211756,75941,178406,199547,3,49484,2,1152,3,633,0
606,0,11,3682916,671982,174615,59349,273697,0,437177,0,3830,1,888,2
607,2,1,73210,20993,5889,203606,443448,1,124994,3,4044,2,957,2
608,3,0,4564720,94853,90137,248784,535498,1,396232,0,4047,2,249,1
609,2,4,40607,29615,11216,197914,54233,2,256034,0,3372,1,343,1
610,2,19,91884,26874,7894,277867,64716,3,478658,0,2178,1,979,2
611,6,15,880036,58393,376292,255906,513835,1,414980,0,3526,1,475,1
612,4,2,5886155,138170,146093,32840,252513,0,178795,3,2079,1,461,1
613,0,1,5182991,668419,263763,265663,412776,1,48713,2,4167,2,925,2
614,0,17,5401982,562907,151596,266469,572940,1,336130,0,3361,1,616,0
615,6,8,962281,91324,61746,246182,472114,1,274004,0,2342,1,313,1
616,4,17,4206921,215005,101779,241970,198095,3,413807,0,4462,2,605,0
617,8,2,2499729,92504,118966,94517,372671,0,300275,0,1015,3,952,2
618,8,1,1991152,195716,136335,243406,331987,0,75009,2,1613,3,242,1
619,6,9,683225,88726,400042,99988,446410,1,207671,3,4868,2,111,1
620,6,3,859119,93253,505500,38788,586532,1,258988,0,4167,2,790,0
621,4,19,5216841,121678,73638,268990,83867,3,352333,0,4092,2,448,1
622,1,3,3985688,72923,85200,214647,469223,1,416765,0,4393,2,427,1
623,1,16,3930608,79154,67361,22220,272016,0,36903,2,3581,1,257,1
624,4,8,7223411,147414,117314,171590,79824,3,438011,0,2086,1,799,0
625,5,7,9753155,286953,499299,78290,303234,0,364934,0,2379,1,55,3
626,7,16,6448091,696987,568547,267992,522690,1,367618,0,3377,1,553,0
627,8,2,1713513,141207,113837,252735,530926,1,179010,3,2230,1,298,1
628,4,2,3968698,247836,145719,71389,475816,1,33567,2,3464,1,144,1
629,2,10,75042,18769,10082,181454,398782,0,367428,0,4719,2,410,1
630,5,4,9893690,347845,533001,210099,63465,3,245568,3,2927,1,286,1
631,8,3,3343483,105515,84247,247686,148239,3,206137,3,3159,1,83,3
632,2,18,24408,28128,9896,157254,402157,1,388254,0,4621,2,538,0
633,1,7,3719930,66869,51593,95828,123979,3,390746,0,2295,1,534,0
634,1,17,1566252,72249,75206,30773,580527,1,188292,3,1252,3,243,1
635,1,18,3716964,73982,69199,298479,297761,0,470951,0,4584,2,857,2
636,0,6,3459442,573474,190392,130002,551811,1,373713,0,4344,2,475,1
637,4,19,3640145,106365,116473,253289,124046,3,243416,3,2804,1,792,0
638,1,8,2017008,87845,63673,108844,508570,1,181234,3,4767,2,793,0
639,0,17,3648274,595290,231692,43587,165860,3,334789,0,3359,1,91,3
640,3,10,4965767,84416,37036,59205,335678,0,79753,2,3228,1,602,0
641,1,11,2179080,76017,55355,297100,511749,1,406410,0,3328,1,80,3
642,4,1,6028441,237094,101301,260572,586960,1,386682,0,598,0,901,2
643,7,1,8847945,627657,145183,218806,195014,3,56614,2,2989,1,699,0
644,7,2,7721629,424138,249629,213569,75812,3,156478,3,1565,3,628,0
645,4,1,5301937,185809,97187,86989,459502,1,169226,3,2712,1,54,3
646,3,3,2180564,127630,25518,183517,563971,1,172456,3,4266,2,665,0
647,7,18,8672303,324767,153286,299301,507888,1,429555,0,4308,2,854,2
648,2,6,85241,17743,7279,113706,236807,0,319421,0,3361,1,694,0
649,0,1,4225035,660318,288451,199271,375574,0,102112,3,3669,1,401,1
650,0,14,5420087,649858,268314,108332,585890,1,161309,3,4084,2,165,1
651,1,18,2390612,51701,72163,256297,90233,3,75234,2,4027,2,614,0
652,0,12,4110363,555243,213381,269584,375093,0,115195,3,4867,2,255,1
653,6,5,547196,73137,186801,293028,77971,3,75585,2,2653,1,125,1
654,1,19,3700323,65256,60291,247004,452620,1,162209,3,2782,1,551,0
655,6,1,504419,66107,264860,133893,417187,1,406655,0,3912,1,475,1
656,6,13,790150,55812,321674,226588,301074,0,106863,3,3661,1,587,0
657,4,11,6893290,136611,84245,46668,117740,3,91172,2,3812,1,79,3
658,5,8,7044797,525944,532005,71914,292033,0,394702,0,1842,3,828,2
659,6,17,366505,99003,57758,299163,229611,0,390588,0,775,0,321,1
660,3,19,4892978,152760,66270,71681,345568,0,119235,3,1143,3,508,0
661,6,7,504650,89727,542187,125293,504247,1,194950,3,1942,3,989,2
662,8,8,2921807,139060,64026,110298,453057,1,392046,0,2462,1,329,1
663,0,19,4130249,683719,124105,47540,198611,3,37454,2,2144,1,391,1
664,3,1,4416037,99892,51021,290930,596568,1,90002,2,2843,1,734,0
665,3,8,2848203,99355,51932,140189,542840,1,156192,3,4288,2,301,1
666,6,15,328894,82256,147630,23923,297388,0,199059,3,2639,1,188,1
667,5,5,10158025,121198,355379,32860,230063,0,394240,0,703,0,397,1
668,5,3,6709975,404224,281583,145880,127717,3,369043,0,4693,2,219,1
669,7,16,8879193,382129,459052,299078,260849,0,274037,0,2780,1,493,1
670,3,17,2445482,192327,67612,76589,170558,3,72019,2,886,0,58,3
671,7,1,5322568,880072,261994,70112,175745,3,368514,0,1137,3,602,0
672,1,11,3797752,66820,94884,273671,296116,0,263978,0,1877,3,201,1
673,3,5,2980970,81642,41916,269626,585058,1,317646,0,1175,3,804,2
674,8,1,2769970,153025,136491,174684,565468,1,374465,0,4055,2,138,1
675,2,13,72652,25859,9180,288007,294692,0,359320,0,862,0,308,1
676,6,18,820310,61957,596922,227588,83093,3,306461,0,3249,1,616,0
677,5,13,5964421,317483,105136,76957,277269,0,142349,3,4705,2,196,1
678,6,5,905011,97411,572532,72158,447076,1,430106,0,1245,3,645,0
679,1,3,2294820,67443,73053,135628,241792,0,488830,0,578,0,952,2
680,6,1,858733,62130,288844,244368,142531,3,469668,0,2465,1,711,0
681,6,4,258582,61244,439410,207323,71532,3,419480,0,4689,2,551,0
682,7,12,6539590,390277,502132,197476,181393,3,179849,3,2718,1,507,0
683,6,2,716981,56315,531289,229204,293929,0,176967,3,3851,1,118,1
685,1,18,1603660,51671,34420,121331,107075,3,491972,0,3930,1,584,0
686,4,16,7861583,128118,122405,93651,161704,3,79829,2,2740,1,183,1
687,4,19,7753580,205854,110698,40700,541984,1,254430,0,4135,2,324,1
688,5,6,8378738,332878,93685,162629,88592,3,428365,0,2293,1,566,0
689,4,8,3506279,217001,131090,165964,154497,3,423203,0,4147,2,325,1
690,2,14,15152,29280,5321,289255,481905,1,365134,0,3044,1,218,1
691,1,12,3826581,79014,61654,252687,427288,1,73054,2,864,0,237,1
692,7,2,6499582,530267,583461,100288,545627,1,349037,0,3578,1,788,0
693,4,7,6964898,234723,147456,153200,392037,0,54954,2,4825,2,155,1
694,5,2,11497079,101158,297378,288347,498577,1,363825,0,4122,2,104,1
695,2,8,15764,18894,11899,220806,99408,3,232749,3,1460,3,150,1
696,7,18,8956265,879453,337722,268095,395232,0,486702,0,3362,1,220,1
697,6,1,410414,99540,253539,273918,101165,3,197705,3,4620,2,288,1
700,2,11,26078,22329,9619,121589,273239,0,228892,3,1081,3,735,0
701,2,5,96452,26665,10137,275257,550741,1,186809,3,4026,2,441,1
702,2,8,52039,19085,6684,222914,395644,0,467153,0,4559,2,50,3
703,3,5,1628289,145354,52157,112735,477525,1,90716,2,3608,1,814,2
704,1,1,3265278,53630,35648,128341,270661,0,111459,3,1135,3,187,1
705,3,12,4935406,170296,97837,196676,401649,1,252856,0,608,0,659,0
706,4,7,5633392,138532,85461,101672,495812,1,179100,3,1083,3,910,2
707,2,11,45863,27546,7736,287242,274701,0,466478,0,4139,2,657,0
708,1,4,3028391,82064,51035,53098,314149,0,446475,0,1416,3,611,0
709,8,15,2348306,170798,103917,223968,155765,3,53304,2,2259,1,476,1
710,4,15,5524878,214100,112778,223061,568706,1,414048,0,1027,3,113,1
711,1,16,3583006,61813,80228,188745,121861,3,153392,3,2672,1,974,2
712,2,17,98963,21223,9793,52769,152747,3,173239,3,3447,1,488,1
713,6,3,313092,68394,460859,267123,318069,0,58522,2,2723,1,959,2
714,2,5,86240,20550,5054,67527,181455,3,186421,3,3455,1,442,1
715,4,5,6874972,112929,116007,263312,334356,0,55330,2,2343,1,261,1
716,4,15,4821474,108475,77005,209359,304532,0,93232,2,1758,3,679,0
717,8,8,1539805,148450,137953,297444,525819,1,210022,3,2471,1,974,2
718,1,16,2748927,64075,58253,29524,375336,0,89606,2,2708,1,941,2
719,8,17,2434449,71455,121034,73457,157071,3,76358,2,1810,3,457,1
720,3,12,2988333,134847,89396,274288,88024,3,112020,3,4955,2,324,1
721,6,6,709544,64512,127251,72895,230389,0,494576,0,2620,1,105,1
722,7,17,8873626,470337,516940,293038,386584,0,390290,0,4342,2,928,2
723,8,12,3120918,74141,66563,272295,284651,0,316759,0,2413,1,427,1
724,7,3,8909249,847780,436538,183606,310756,0,46503,2,3324,1,143,1
725,4,11,7699009,101736,148504,132247,396294,0,490523,0,862,0,304,1
726,6,0,569619,78037,145402,224516,565656,1,322410,0,2072,1,831,2
727,0,14,3957302,602890,249188,180591,374292,0,92878,2,2100,1,745,0
728,8,7,2873146,101453,47438,103477,477643,1,236822,3,2027,1,649,0
729,6,4,619674,85405,414653,28982,281733,0,376752,0,3884,1,663,0
730,2,4,46743,29916,12379,38198,361066,0,382125,0,3502,1,577,0
731,7,6,8756998,716480,451873,76444,183061,3,441114,0,1084,3,896,2
732,1,3,2085644,70661,78984,184708,536790,1,40286,2,3014,1,834,2
733,7,13,5779387,542818,442517,121370,374302,0,201327,3,4393,2,803,2
734,8,10,3283323,117135,117087,51936,430160,1,158770,3,4434,2,519,0
735,3,12,1861878,156417,47908,286796,313501,0,205865,3,3394,1,309,1
736,8,17,2892619,159059,55358,76719,452841,1,282868,0,2334,1,442,1
737,7,12,7118937,412458,556665,190348,376331,0,334016,0,3465,1,256,1
738,0,8,5242274,514245,142018,183720,454812,1,262594,0,2271,1,385,1
740,5,2,6366189,370025,578293,34109,400291,1,460447,0,2837,1,754,0
741,5,2,10191664,474498,432302,28017,96287,3,285334,0,3627,1,556,0
742,0,19,3495276,677299,307520,207505,235002,0,353980,0,3782,1,236,1
743,6,14,639707,89883,81538,267480,519282,1,174995,3,2526,1,832,2
744,8,10,3044032,52294,58210,270170,528964,1,324579,0,4091,2,76,3
745,8,7,2349747,88898,73701,295935,373341,0,169742,3,2035,1,949,2
746,0,7,5175862,657051,275084,109812,256173,0,97430,2,4210,2,842,2
747,5,5,6486678,395452,191300,140395,428664,1,93566,2,1092,3,112,1
748,3,11,4044315,178699,60227,164280,410727,1,310222,0,4211,2,361,1
749,2,19,38361,26002,6392,168397,302008,0,422026,0,2784,1,364,1
750,6,8,358477,53445,387508,151273,426880,1,65081,2,1960,3,768,0
751,5,14,7928652,647894,570520,91521,304176,0,131766,3,2865,1,123,1
752,3,9,4340661,128050,82357,137005,431355,1,78742,2,4562,2,62,3
753,2,13,71429,29702,8385,114103,449083,1,380629,0,1894,3,355,1
754,8,7,2982918,142932,43870,50162,489957,1,148025,3,524,0,515,0
755,6,8,792603,75117,39928,107930,118345,3,306798,0,4411,2,610,0
756,7,1,7287219,234859,423751,197582,119206,3,377794,0,1325,3,163,1
757,3,15,2869653,198643,48480,174954,584863,1,87119,2,1880,3,523,0
758,6,7,838330,79064,587609,245295,61951,3,232694,3,3001,1,697,0
759,7,9,5174808,859104,277741,212402,372537,0,179992,3,4583,2,747,0
760,3,17,2091931,174421,88425,58747,371137,0,390913,0,2539,1,625,0
761,6,19,922024,54394,203818,285396,295216,0,138673,3,4188,2,847,2
762,8,15,2315352,87932,125717,54968,91753,3,149362,3,4569,2,57,3
763,5,14,8460607,715869,350208,130966,596514,1,86673,2,3702,1,176,1
764,8,3,2100577,153158,103502,55271,234662,0,192594,3,4186,2,869,2
765,0,9,5607699,616993,222038,158126,340845,0,49226,2,3076,1,731,0
766,0,4,4039525,559256,201699,168239,72197,3,149238,3,2884,1,454,1
767,7,3,7617155,775374,243108,299674,360705,0,141881,3,639,0,792,0
768,8,3,3462711,151109,52115,244567,184582,3,189792,3,2566,1,820,2
769,3,6,1783935,106049,64711,108814,525063,1,489971,0,4572,2,567,0
770,7,7,6163214,806355,350669,238910,538864,1,158899,3,2816,1,304,1
771,0,0,5539698,570235,311357,45326,389677,0,168376,3,3181,1,932,2
772,7,19,7261803,832076,133776,226326,413776,1,222898,3,750,0,651,0
773,1,18,2781426,60293,56855,251531,308746,0,238149,3,3514,1,771,0
774,7,9,5145531,290268,493047,51989,292097,0,413232,0,2661,1,613,0
775,7,14,7608044,200026,430208,208616,554322,1,499605,0,3299,1,555,0
776,3,13,4686061,154280,30450,48089,421207,1,347003,0,960,0,935,2
777,0,3,3537077,524114,152158,120984,294054,0,37064,2,960,0,52,3
778,3,0,3369046,160160,95886,236670,354533,0,25473,1,678,0,570,0
779,0,2,3475932,574087,362922,49329,587909,1,491598,0,2575,1,83,3
780,2,16,96995,15839,8097,93494,322054,0,490895,0,2264,1,800,2
781,0,12,4756046,514824,162549,29316,397122,0,24101,1,3960,1,881,2
782,2,15,55347,27267,5353,241494,500729,1,322186,0,1689,3,934,2
783,4,6,5816198,136205,110123,39715,159311,3,206807,3,4016,2,127,1
784,1,7,3174222,77885,77221,54494,291922,0,60082,2,588,0,475,1
785,5,1,11673352,464714,102790,102274,168714,3,56504,2,1157,3,200,1
786,6,14,873703,54647,333906,229279,308617,0,27109,1,4920,2,678,0
787,7,15,7758834,334966,294255,109683,70326,3,132318,3,3216,1,348,1
788,5,4,8341934,312332,637992,51156,560362,1,414567,0,3006,1,762,0
789,6,4,857220,91408,459960,23256,315730,0,245167,3,3111,1,703,0
790,2,1,29215,17974,7444,170702,180287,3,150338,3,4390,2,659,0
791,0,0,5196671,672468,200728,229893,510610,1,430598,0,4998,2,816,2
792,1,1,2080927,72572,74625,227740,504340,1,261144,0,1112,3,937,2
793,0,9,3819009,509641,368760,159781,416993,1,244279,3,1919,3,601,0
794,1,18,3879841,61036,87511,147362,546187,1,316481,0,3176,1,755,0
795,3,10,3245558,126051,59280,48480,194923,3,282653,0,4058,2,705,0
796,0,16,5221799,527617,281380,90196,409934,1,276444,0,3835,1,657,0
797,8,7,3009350,62776,83908,72769,67826,3,269587,0,3557,1,770,0
798,2,11,20481,21504,7310,78576,328052,0,149227,3,2053,1,177,1
799,5,19,9463358,434900,581809,62979,597436,1,234396,3,3448,1,694,0
800,0,17,3422626,552099,254133,265882,92773,3,301254,0,4140,2,553,0
801,8,0,1768540,162449,119060,231155,219032,0,229760,3,3322,1,909,2
802,1,2,2815115,88576,37730,99053,354623,0,98756,2,2400,1,692,0
803,5,8,7996798,996133,326776,93777,431846,1,245040,3,1204,3,511,0
804,5,12,9565887,247879,625124,174564,430525,1,402810,0,2561,1,689,0
805,1,0,3049229,78769,35528,294593,537729,1,102977,3,4735,2,164,1
806,8,7,1817866,195637,26014,209561,208994,0,253239,0,668,0,698,0
807,4,7,7986061,135509,113408,204122,543935,1,430389,0,982,0,685,0
808,1,17,2061693,67636,38313,244079,138863,3,311935,0,3672,1,309,1
809,8,7,2737899,90148,34281,153134,468899,1,179515,3,3336,1,672,0
810,1,15,2809700,72966,48155,87124,521664,1,415293,0,3384,1,901,2
811,2,4,61544,24532,8119,144142,271586,0,353939,0,2835,1,264,1
812,5,18,9986408,148850,338259,196436,562218,1,268017,0,3539,1,447,1
813,0,19,3386928,634416,189221,115345,419960,1,254417,0,4690,2,820,2
814,5,9,9916796,529754,582520,95126,374341,0,128234,3,1342,3,315,1
815,7,5,8798047,610137,230441,100959,501929,1,298300,0,713,0,149,1
816,1,5,2517319,63367,84153,22167,137073,3,225919,3,2245,1,169,1
817,2,1,34031,24580,5878,202033,309897,0,270250,0,2267,1,255,1
818,5,4,11294281,769007,122052,34315,207912,0,474826,0,3628,1,160,1
819,7,4,6753006,269052,585148,240938,262212,0,323290,0,4615,2,441,1
820,6,18,976777,81480,37349,278431,360420,0,322317,0,4157,2,108,1
821,7,9,8171783,202095,388297,183096,194309,3,276322,0,2080,1,67,3
822,7,1,8693559,862386,313082,69100,278524,0,462349,0,1366,3,851,2
823,7,15,6252228,731964,544630,290002,528667,1,392591,0,1406,3,594,0
824,6,18,632185,73300,225223,255842,456788,1,212689,3,4146,2,294,1
825,1,12,2861536,62168,55279,165341,561335,1,483850,0,4364,2,818,2
826,4,6,4019078,176386,81438,78884,545915,1,455690,0,4868,2,936,2
827,1,1,2828154,89698,55665,200652,99709,3,247912,3,1951,3,996,2
828,6,9,536719,72971,202580,217318,368474,0,115721,3,1812,3,159,1
829,1,5,1583791,64217,40984,224499,258784,0,351561,0,3467,1,427,1
830,6,8,398021,56539,236550,290962,93021,3,311474,0,1666,3,241,1
831,2,16,52582,30009,6270,208177,507295,1,26380,1,2371,1,955,2
832,8,16,2853688,57934,61115,65689,307955,0,462943,0,4777,2,408,1
833,7,2,5729454,526491,173364,224171,315418,0,366715,0,2491,1,666,0
834,0,3,5638644,660256,387004,287186,562337,1,410612,0,3931,1,216,1
835,5,3,8434996,594200,237906,154492,326263,0,101728,3,4429,2,494,1
836,4,16,7634389,122499,140285,72706,279964,0,199100,3,3244,1,410,1
837,3,12,2524835,199512,56430,274718,515784,1,255271,0,4943,2,261,1
838,5,2,7957103,899911,449558,189785,72331,3,377702,0,692,0,724,0
839,1,15,2218091,62582,89310,150466,508149,1,426601,0,989,0,513,0
840,8,11,3379163,67872,92245,193039,69858,3,77431,2,949,0,939,2
841,6,0,554872,71412,246575,95601,232496,0,28315,1,3858,1,936,2
843,0,5,3958400,635166,264988,266209,348059,0,90436,2,747,0,451,1
844,5,11,5887605,122109,489525,173987,113336,3,281122,0,652,0,346,1
845,7,17,6904789,747034,204402,139040,299142,0,57206,2,977,0,226,1
846,2,2,25955,15005,11819,238519,115703,3,468670,0,2081,1,667,0
847,4,8,6179580,213450,78517,270235,320576,0,129409,3,2487,1,883,2
848,4,0,3508109,241719,91399,293598,379616,0,388242,0,2695,1,673,0
849,4,2,7106543,144795,125483,166075,463575,1,116076,3,4815,2,76,3
850,1,1,3463599,68585,82580,181039,330627,0,110652,3,4471,2,558,0
851,7,10,8076803,785781,254239,21577,64909,3,395666,0,884,0,362,1
852,0,17,4340841,641786,148760,203982,537831,1,292092,0,4750,2,736,0
853,6,18,587005,72555,486447,200085,89895,3,282819,0,3559,1,709,0
854,1,19,2766218,85168,64549,28986,303542,0,217397,3,4161,2,805,2
855,5,16,6142653,489770,132054,233427,319307,0,189923,3,2557,1,366,1
856,6,6,271530,68093,397089,191209,576448,1,264555,0,3864,1,613,0
857,8,14,1658638,146412,29682,244077,178130,3,458668,0,3650,1,926,2
858,5,19,7158684,169016,327806,104223,382661,0,98170,2,1721,3,857,2
859,6,19,320480,79551,551364,161846,261462,0,472998,0,2793,1,211,1
860,5,5,8019330,227155,335296,32781,348282,0,55432,2,1569,3,440,1
861,1,8,3804922,93726,64382,237535,585605,1,419657,0,3578,1,445,1
862,2,19,51982,20366,7983,72314,58763,2,457264,0,1950,3,934,2
864,7,12,5609591,301288,484315,289195,434409,1,55819,2,1106,3,385,1
865,0,0,3879373,615408,397940,100762,191604,3,71675,2,3843,1,868,2
866,8,19,3301919,94777,81315,86867,251743,0,435740,0,4461,2,367,1
867,3,11,3483604,132421,70300,51542,61450,3,211795,3,698,0,530,0
868,8,4,1597389,141492,50611,190697,179865,3,441612,0,4605,2,485,1
869,6,5,619674,66150,381715,38530,319051,0,97284,2,2467,1,920,2
870,8,0,2547431,52546,72891,191793,131418,3,112329,3,2954,1,499,1
871,6,15,875090,59452,203013,63106,401738,1,430065,0,2562,1,520,0
872,4,9,7028770,167914,106436,187487,493022,1,218097,3,4050,2,397,1
873,2,16,93673,18443,11733,109558,80553,3,474542,0,618,0,717,0
874,8,5,2607398,94391,149635,177211,531909,1,488788,0,4739,2,631,0
875,3,8,2569187,137818,50833,50529,204459,0,372288,0,4825,2,773,0
876,7,9,7899830,265656,248800,190214,575302,1,39067,2,4151,2,633,0
877,5,13,8067573,948728,643816,202628,83802,3,115641,3,2388,1,256,1
878,3,9,3373791,125812,47839,277525,499407,1,93132,2,4368,2,663,0
879,1,10,1545860,58272,78606,134355,542166,1,208710,3,1499,3,283,1
880,3,14,2342829,191498,44220,170922,458786,1,304387,0,1204,3,610,0
881,2,3,78079,30436,9690,221131,105517,3,125920,3,2606,1,633,0
882,3,4,3669178,152050,58616,69305,540777,1,330775,0,3746,1,434,1
883,1,9,2288700,87543,46586,267349,267019,0,57939,2,2708,1,943,2
884,3,8,4117204,100615,89199,233555,549989,1,461857,0,1666,3,582,0
885,7,0,6290972,866937,349049,169122,462610,1,277614,0,2828,1,140,1
886,4,0,7522106,142374,121829,186961,588250,1,215821,3,4780,2,118,1
887,8,0,1899629,116386,136600,128508,390323,0,307228,0,1547,3,693,0
888,1,16,3972467,57258,57808,234805,482485,1,439368,0,2733,1,91,3
889,3,8,2057612,93759,81608,149058,83105,3,412257,0,4451,2,609,0
890,0,13,5033157,696317,158961,123972,381943,0,384979,0,1512,3,506,0
891,4,7,4399079,115332,77215,199406,279955,0,388012,0,2156,1,488,1
892,4,7,6897080,219313,142404,202802,324739,0,302343,0,3190,1,658,0
893,2,1,44863,26925,6685,190646,275735,0,277397,0,1698,3,191,1
894,0,11,5446262,637022,348061,280670,223678,0,430771,0,4700,2,613,0
895,4,6,6570425,181946,95453,123809,91481,3,476232,0,2962,1,860,2
896,1,12,2952835,79072,78636,180021,500550,1,55294,2,2719,1,660,0
897,8,17,3419244,193648,85966,87379,412224,1,409868,0,540,0,904,2
898,7,3,5531392,239475,123480,81840,210425,0,235735,3,1227,3,868,2
899,8,5,2358734,93068,139643,219947,101203,3,363006,0,2793,1,774,0
900,7,6,8415990,333882,377766,31742,323686,0,193275,3,4898,2,104,1
901,8,0,1503770,190127,86154,285214,447305,1,486770,0,4857,2,278,1
902,0,13,4634275,645215,345578,212565,253805,0,217902,3,4875,2,784,0
903,1,15,1821592,65623,69743,132939,97565,3,491857,0,4738,2,602,0
904,1,17,1875451,79451,85660,47987,342486,0,384990,0,3155,1,92,3
905,2,15,90484,15949,10303,111484,559805,1,62650,2,1350,3,236,1
906,4,1,7474753,110232,130889,162288,171763,3,391288,0,1189,3,789,0
907,3,9,3210004,159796,34697,281275,257935,0,199778,3,1236,3,471,1
908,0,13,3735437,504019,288572,182084,90285,3,440077,0,3844,1,396,1
909,2,9,42500,18163,10726,232389,525074,1,247009,3,2334,1,61,3
910,0,15,5681450,649118,283133,21736,246587,0,228444,3,2179,1,539,0
911,7,9,8098218,223184,519787,145073,268954,0,167939,3,3314,1,174,1
912,5,5,10402802,425139,376016,167090,184638,3,447098,0,2273,1,267,1
913,0,9,4232077,588418,200455,258348,165954,3,178163,3,1470,3,178,1
914,4,19,4820323,232646,118060,222339,396217,0,256025,0,1435,3,262,1
915,7,5,5877584,834875,289628,26609,169835,3,341697,0,3479,1,845,2
916,8,10,1797121,169307,106306,102683,547220,1,447958,0,2596,1,676,0
917,8,1,3108918,78121,59413,206652,413587,1,495862,0,3012,1,674,0
918,2,0,60688,19627,8458,49971,188645,3,309897,0,3771,1,464,1
919,0,17,3627669,686754,384880,277426,333988,0,116964,3,3645,1,572,0
920,7,17,8613149,368063,350037,277391,64352,3,455934,0,2199,1,998,2
921,0,11,5703018,652739,261316,95176,328339,0,146797,3,2216,1,918,2
922,1,7,1637139,55541,86534,55148,253111,0,281689,0,4822,2,440,1
923,2,2,31981,21286,10391,298051,420635,1,193653,3,3997,1,749,0
924,7,5,5633811,429312,429919,26465,511667,1,479160,0,1159,3,634,0
925,4,1,6096416,134855,85383,128754,125165,3,299420,0,2705,1,866,2
926,2,18,24590,22386,5503,45283,411740,1,332160,0,2086,1,848,2
927,2,6,69061,20500,6979,119656,587469,1,462464,0,981,0,614,0
928,7,16,8829197,615430,138875,183410,443677,1,472939,0,4529,2,101,1
929,1,18,2207458,82961,64214,225417,476338,1,415202,0,717,0,680,0
930,6,10,826423,99292,521120,121020,425556,1,260435,0,3470,1,226,1
931,3,1,2913970,185339,38006,286256,463408,1,272181,0,1117,3,290,1
932,1,4,3663302,88219,39824,240990,114609,3,478143,0,4137,2,620,0
933,3,5,2766437,184144,31470,123424,266853,0,419765,0,3239,1,57,3
934,1,12,3750202,80541,58679,201167,434388,1,385569,0,4657,2,173,1
935,5,14,6721703,810211,306008,262119,288684,0,159075,3,2754,1,74,3
936,0,19,5663617,502764,327469,222464,59799,2,205118,3,1012,3,476,1
937,5,5,11574566,212834,307378,71131,128477,3,148036,3,3790,1,984,2
938,6,10,878273,98709,401389,97440,563609,1,275461,0,641,0,281,1
939,4,11,5951607,245057,135226,143843,263219,0,383554,0,3471,1,539,0
940,6,5,866505,71117,550293,110778,409792,1,385612,0,4657,2,950,2
941,4,8,4976804,237061,111144,73877,273247,0,470071,0,3717,1,636,0
942,3,7,3417010,125815,56139,111108,65898,3,440007,0,932,0,827,2
943,6,15,656606,97789,142161,107874,480654,1,462971,0,4684,2,295,1
944,2,6,88151,19861,11506,178531,179459,3,183808,3,1747,3,908,2
945,6,1,567480,80491,179462,45793,462495,1,44671,2,2154,1,855,2
946,2,19,88746,22301,6124,243098,219924,0,35973,2,1892,3,386,1
947,2,3,34853,16268,11224,87790,307028,0,349824,0,1899,3,414,1
948,6,6,413372,53101,477145,100324,380318,0,340365,0,1190,3,115,1
949,7,6,8380106,306946,422380,70699,492614,1,295856,0,1635,3,88,3
950,0,3,3047944,516483,235860,278606,439314,1,214779,3,2579,1,59,3
951,1,11,2453003,79321,57076,240255,198998,3,57035,2,2342,1,548,0
952,4,2,6564248,203397,134637,255227,125761,3,253161,0,4019,2,551,0
953,8,12,2618874,165478,146258,240005,448803,1,367014,0,4542,2,345,1
954,1,15,3678946,74480,77966,157938,468014,1,428723,0,2604,1,629,0
955,5,8,7990442,770957,393143,197132,396693,0,190878,3,4523,2,442,1
956,8,15,2845281,195381,51160,207964,522791,1,211351,3,2360,1,383,1
957,3,16,3819686,167103,82159,66136,450807,1,142204,3,4678,2,796,0
958,0,7,4299923,561831,131200,239760,431824,1,482468,0,1022,3,893,2
959,0,15,5337732,627509,204844,160828,501066,1,236705,3,1643,3,457,1
960,2,0,54520,27595,12126,181601,351289,0,293457,0,4930,2,774,0
961,7,14,8396832,624859,240566,84141,583684,1,441685,0,1177,3,919,2
962,2,18,28824,27225,6742,250396,435957,1,211684,3,4202,2,383,1
963,5,15,11096208,929817,388357,238550,499606,1,39456,2,4109,2,907,2
964,0,1,4007640,616762,175262,29692,589237,1,489888,0,2277,1,472,1
966,4,17,5708364,142544,125302,231528,277138,0,378401,0,3696,1,886,2
967,0,12,4268024,502045,290812,54119,93545,3,83841,2,4855,2,561,0
968,3,13,4115054,117988,35648,264388,540791,1,393662,0,3319,1,239,1
969,6,6,912321,68631,256811,135920,96901,3,492938,0,3562,1,283,1
970,2,7,18680,15999,7274,128227,564552,1,286349,0,2789,1,226,1
971,7,5,8606242,226972,310073,265533,528159,1,207104,3,4500,2,145,1
972,0,0,5287548,628714,105493,267513,598254,1,301953,0,4494,2,801,2
973,4,14,6488171,157438,76000,144523,157658,3,205019,3,543,0,563,0
974,1,14,3350418,93847,64881,159036,480910,1,446456,0,2814,1,751,0
975,3,11,2534196,171101,98525,137424,189516,3,341747,0,1043,3,331,1
976,4,9,7908174,213084,112155,238349,595179,1,229569,3,1619,3,55,3
977,7,19,8732302,347691,136555,168458,224695,0,264520,0,1902,3,583,0
978,1,14,1876670,64982,37441,297298,153061,3,98491,2,4969,2,262,1
979,4,11,3730015,192151,122826,103177,535712,1,385693,0,2562,1,420,1
980,6,17,934416,90529,115480,283588,475469,1,410626,0,1298,3,111,1
981,7,15,8019830,692463,584778,90509,400654,1,401400,0,4470,2,280,1
982,6,1,976568,93499,191762,183807,63150,3,283632,0,2021,1,821,2
983,6,18,974307,61850,309198,190594,281542,0,410424,0,3220,1,62,3
984,8,11,1945372,84607,25530,60062,369982,0,107194,3,956,0,119,1
985,1,19,3355249,93878,47714,57175,98930,3,106550,3,1214,3,608,0
986,5,16,6150362,417983,631418,85435,554369,1,339814,0,4669,2,801,2
987,6,9,737707,93140,223747,93580,206582,0,203859,3,4828,2,376,1
988,4,12,4215495,123768,119932,230925,287701,0,91678,2,3798,1,877,2
989,1,16,2601831,62680,89537,91488,402644,1,201928,3,3019,1,782,0
990,2,19,94278,20092,5181,161655,231833,0,481903,0,896,0,210,1
991,2,6,69492,29852,6037,111254,536889,1,336701,0,2330,1,378,1
992,1,10,3541249,62661,87287,237151,144826,3,263741,0,3153,1,223,1
993,6,6,888539,63995,579535,266558,383466,0,490205,0,4883,2,507,0
995,5,10,6752079,624806,625538,165545,124024,3,141003,3,3139,1,71,3
996,4,2,6984366,220274,78122,219864,80748,3,422903,0,2888,1,362,1
997,8,17,3004396,148290,66291,115939,449418,1,309386,0,2507,1,78,3
998,1,17,2345857,72630,74714,245382,479201,1,230340,3,2388,1,436,1
999,0,19,3385920,527063,383833,299351,188512,3,315680,0,1991,3,255,1
1000,5,11,7816392,866600,144884,274189,573590,1,289076,0,1535,3,286,1
1002,6,12,727598,81588,337921,158962,120211,3,371646,0,4687,2,815,2
1003,5,3,9761715,553757,138704,30677,578152,1,77196,2,2638,1,91,3
1004,2,9,34999,25524,10942,69176,548631,1,128994,3,1636,3,906,2
1005,7,2,7878384,875671,146288,138517,50100,2,292820,0,529,0,99,3
1006,1,14,1783573,65136,74898,40129,559099,1,228371,3,1087,3,713,0
1007,2,9,64520,21990,11398,198880,357151,0,400915,0,3753,1,674,0
1008,3,15,4241339,161351,55641,150709,179310,3,25585,1,2462,1,633,0
1009,6,4,561893,56617,546422,172629,299528,0,180024,3,4065,2,691,0
1010,2,2,64420,21884,6114,264995,246263,0,92720,2,3674,1,430,1
1011,4,17,3541404,193718,131994,297237,490734,1,22183,1,4760,2,565,0
1012,1,10,2891715,52806,51187,263419,221978,0,207988,3,3436,1,350,1
1013,0,2,5335490,570842,313723,197505,368620,0,238107,3,3961,1,190,1
1014,2,14,93204,28086,11819,21139,325995,0,66115,2,2663,1,252,1
1015,6,17,385577,70173,257344,235625,454962,1,459290,0,2165,1,212,1
1016,6,8,712293,63469,194922,22156,273169,0,86978,2,2541,1,138,1
1017,7,18,5012578,774894,105619,158268,556678,1,193586,3,1406,3,162,1
1018,8,2,3351853,109001,105412,91693,556659,1,244469,3,4948,2,560,0
1019,7,14,6415393,856871,233294,29209,593816,1,353247,0,2842,1,335,1
1020,6,8,319093,96135,91938,251103,198070,3,210904,3,4857,2,136,1
1021,7,4,6576624,678799,557118,119714,453699,1,247654,3,2381,1,646,0
1022,6,7,359005,54396,504271,146563,94233,3,352171,0,823,0,698,0
1023,4,10,7952157,219232,102981,190952,486902,1,87165,2,2276,1,525,0
1024,7,3,7785422,541415,484681,159152,60791,3,405550,0,2811,1,846,2
1025,4,1,4385981,206086,117011,206489,263005,0,146173,3,2496,1,709,0
1026,8,18,1729830,52846,126152,140827,524301,1,40702,2,2341,1,239,1
1028,2,14,89554,22923,5619,121664,237918,0,144378,3,2336,1,664,0
1029,1,1,1581111,71664,72961,40880,358794,0,477825,0,2515,1,273,1
1030,7,6,8555821,554682,177096,293700,541366,1,53279,2,3461,1,201,1
1031,0,14,3004665,665441,243791,151621,445668,1,232879,3,1664,3,179,1
1032,8,7,2745486,84906,86566,20257,504500,1,480516,0,3779,1,593,0
1033,3,10,2708621,110251,42355,207943,520654,1,234813,3,1527,3,386,1
1034,3,11,2055851,90855,88870,71700,549375,1,273509,0,3726,1,644,0
1035,7,10,6290312,642652,176084,109773,417171,1,201758,3,3745,1,51,3
1036,7,16,8523563,870628,308478,292438,441436,1,62670,2,3484,1,574,0
1037,7,14,5111361,256544,113611,65715,83224,3,397709,0,1550,3,790,0
1038,4,4,7816655,184557,148607,33629,141394,3,253261,0,4929,2,296,1
1039,0,7,4839607,558755,309779,174837,153181,3,384672,0,528,0,180,1
1040,0,9,3186335,653867,324058,257945,433096,1,236346,3,3183,1,689,0
1041,5,18,8742624,430670,387044,153977,563446,1,359306,0,2130,1,553,0
1042,6,2,833962,54233,235507,275669,294827,0,374068,0,4139,2,198,1
1043,3,10,2077171,102891,37222,23978,303115,0,88916,2,4488,2,809,2
1044,8,15,3400629,59737,54854,202819,557345,1,284556,0,4024,2,412,1
1045,8,2,3082305,170274,73327,79232,327230,0,407915,0,1718,3,695,0
1046,8,13,1737247,110497,70057,127563,194772,3,423620,0,1018,3,829,2
1047,5,15,8973328,394228,609662,37038,225910,0,39381,2,2059,1,180,1
1048,7,11,7612325,287641,469465,258400,326233,0,343329,0,2343,1,215,1
1049,3,9,4410005,104515,34223,274995,463448,1,478329,0,1106,3,222,1
1050,6,1,847142,68324,555797,260724,135170,3,74348,2,670,0,338,1
1051,8,3,2112007,192957,110402,265462,232864,0,59436,2,4009,2,899,2
1052,5,14,6579307,395685,572797,186434,354695,0,52923,2,3497,1,675,0
1053,7,5,7360379,511219,606597,103323,515132,1,221894,3,2300,1,134,1
1054,8,0,1535241,89852,144280,129344,102333,3,426940,0,900,0,345,1
1055,8,4,3494594,91006,88190,95637,155646,3,64831,2,1054,3,855,2
1056,2,19,87751,18221,7718,224977,80420,3,295819,0,3428,1,769,0
1057,3,13,2175695,104924,88220,129482,402053,1,311079,0,2291,1,438,1
1058,5,1,7906591,443274,460455,205369,558355,1,362701,0,3716,1,270,1
1059,6,17,455979,66293,496326,145905,484432,1,131828,3,658,0,972,2
1060,8,0,3434959,135426,107239,157045,513410,1,411806,0,2004,1,578,0
1061,0,19,5074001,667031,337146,279452,417223,1,32470,2,4760,2,59,3
1062,1,18,2171208,62636,41617,42895,356617,0,355757,0,1758,3,796,0
1063,8,19,1849180,88540,77915,119740,120868,3,466391,0,3260,1,348,1
1064,4,17,7214093,130410,121871,28359,463570,1,200517,3,4501,2,484,1
1065,4,0,7626207,168164,103407,167395,248785,0,115986,3,893,0,622,0
1066,2,19,23263,30006,7529,58565,454381,1,26153,1,544,0,77,3
1067,4,11,7709449,229579,73472,142851,343526,0,250802,0,1619,3,744,0
1068,8,5,1643817,193471,92875,233084,123259,3,173537,3,2259,1,534,0
1069,2,19,39070,26414,6217,37532,249135,0,146066,3,3499,1,751,0
1070,5,8,11120494,742334,641724,139401,235674,0,477487,0,4820,2,519,0
1071,4,6,5125676,173290,145336,177249,413306,1,407846,0,1337,3,250,1
1072,5,9,7800732,599832,220789,119367,328109,0,423902,0,3485,1,992,2
1073,2,3,27645,27572,8543,103026,599540,1,42602,2,1307,3,443,1
1074,1,5,2559487,85364,34085,188672,285539,0,413835,0,4320,2,727,0
1075,1,14,3032076,89260,42970,285653,363821,0,423485,0,4039,2,210,1
1076,1,11,3021347,58570,90577,20639,482663,1,169848,3,2706,1,987,2
1077,1,19,3093974,80715,92347,272745,136764,3,497396,0,1802,3,407,1
1078,2,8,32035,23584,7789,195216,359822,0,446175,0,1799,3,310,1
1079,3,1,1503757,174262,46725,280324,311764,0,208310,3,677,0,656,0
1080,1,19,3401403,94071,49181,256151,386453,0,91975,2,4531,2,507,0
1081,1,16,3568980,85271,79870,149844,253727,0,324470,0,3477,1,319,1
1082,1,18,3724960,82392,46230,226925,254370,0,172808,3,1326,3,947,2
1083,2,14,64417,15667,7795,178168,140487,3,162481,3,680,0,639,0
1084,7,3,5914920,656355,468351,249603,519420,1,368135,0,4593,2,329,1
1085,1,14,2098295,57365,74760,176168,62577,3,195161,3,2162,1,965,2
1086,7,5,6848527,611589,579750,244238,513151,1,476359,0,3890,1,107,1
1087,4,10,4650972,158372,130385,35336,123966,3,93338,2,572,0,497,1
1088,5,7,11513799,252924,90029,155867,194609,3,312383,0,4100,2,164,1
1089,0,3,4657322,667806,272156,65436,85532,3,287546,0,2933,1,569,0
1090,8,8,2628184,166033,50826,115431,514622,1,444880,0,2238,1,757,0
1091,8,9,2913229,200471,110500,23003,532669,1,26028,1,1505,3,698,0
1092,0,4,3220154,548224,253623,299579,176408,3,312242,0,2089,1,318,1
1093,7,0,8019748,515805,105286,267582,243046,0,97230,2,3306,1,276,1
1094,6,12,977183,77359,466393,137360,198775,3,475376,0,4888,2,114,1
1095,1,17,2400536,53766,92604,109429,571815,1,104578,3,2140,1,224,1
1096,3,9,2357474,176848,76756,205868,225428,0,429969,0,1790,3,737,0
1097,4,8,6226747,156099,115362,34255,95613,3,197491,3,676,0,519,0
1098,3,11,4724933,76623,56521,221443,61573,3,47253,2,3566,1,231,1
1099,6,12,834811,62202,588260,77757,126841,3,368077,0,2494,1,816,2
1100,5,17,9589734,932789,568638,54048,386089,0,425204,0,2646,1,308,1
1101,5,7,6995363,696975,119128,207651,321604,0,139284,3,4328,2,226,1
1102,4,17,4493348,121432,92878,118393,499981,1,241410,3,1059,3,722,0
1103,3,7,4693957,103049,71080,291340,312855,0,467881,0,2643,1,969,2
1104,2,10,98870,15167,7523,270235,565855,1,397442,0,4993,2,524,0
1105,2,1,47547,15372,9538,147719,469420,1,67581,2,2801,1,428,1
1106,3,2,3730012,196960,84351,242826,546688,1,210945,3,4641,2,127,1
1107,0,18,4772969,571259,114509,33614,437894,1,303250,0,2321,1,981,2
1108,0,13,5698764,650316,154750,113554,474720,1,491071,0,2038,1,112,1
1109,6,15,311819,88618,129882,30562,252831,0,392750,0,1134,3,583,0
1110,0,8,5356181,675770,217445,213534,544003,1,123256,3,909,0,180,1
1112,4,19,6107697,246118,140226,131705,139038,3,146088,3,3573,1,647,0
1113,6,7,407389,96796,263419,261521,61488,3,429624,0,1449,3,117,1
1114,0,2,4410629,532549,186881,57159,177323,3,141944,3,1400,3,193,1
1116,3,9,2257902,191145,84894,184463,536798,1,281069,0,3141,1,270,1
1117,5,19,11924412,768537,324767,104255,300342,0,57727,2,3712,1,560,0
1118,4,8,7710417,112334,89950,67678,201245,0,251368,0,3927,1,952,2
1119,7,12,8796235,866374,319850,90891,501575,1,398543,0,2084,1,850,2
1120,4,7,7347014,115183,113631,232554,431864,1,95924,2,3761,1,338,1
1121,7,11,6376678,504149,241185,75151,90990,3,47564,2,4390,2,695,0
1122,3,0,2691104,91082,52250,242967,439739,1,430092,0,4179,2,641,0
1123,3,0,2473564,92489,74440,34203,280649,0,128823,3,1123,3,140,1
1124,6,6,496441,56674,481926,105305,72958,3,55700,2,3039,1,719,0
1125,5,16,8246404,172845,372209,31624,346396,0,347513,0,2316,1,180,1
1126,4,14,7062224,135374,135049,150589,573373,1,63246,2,3552,1,815,2
1127,7,17,6368316,722733,461291,129611,124669,3,213513,3,4732,2,316,1
1128,0,3,4506178,659454,329310,114719,228633,0,383717,0,2502,1,719,0
1129,4,13,4642324,105384,123056,168245,519087,1,101459,3,2852,1,75,3
1130,3,13,2341673,144676,62443,205400,562764,1,154814,3,823,0,545,0
1131,0,14,4392981,659735,384243,282984,74175,3,339678,0,4998,2,809,2
1132,0,5,5973382,512989,181494,136306,411094,1,430405,0,3702,1,333,1
1133,0,7,5447996,609131,300785,221881,455424,1,192716,3,2896,1,235,1
1134,4,3,4789906,162336,80028,190120,126119,3,251797,0,4453,2,948,2
1135,6,4,362548,89444,472238,98943,327705,0,111982,3,1125,3,390,1
1136,4,7,3683467,148674,126776,212043,561667,1,273439,0,2541,1,365,1
1137,5,11,7461628,991691,492789,196657,208997,0,452866,0,1163,3,945,2
1138,4,16,7913129,194556,84029,216897,503502,1,30325,2,3811,1,447,1
1139,5,18,5853784,448644,340096,21540,312600,0,368932,0,2169,1,430,1
1140,4,14,4202947,213393,102974,82578,341585,0,92866,2,2455,1,914,2
1141,3,3,2689290,138204,93002,299554,354448,0,121450,3,1415,3,182,1
1142,0,13,4379245,600521,190274,188040,184494,3,39614,2,3822,1,487,1
1143,4,6,6579579,245001,141789,37926,585287,1,33964,2,1984,3,560,0
1144,3,19,2392285,81982,69682,290712,208173,0,341574,0,2176,1,81,3
1145,0,7,5850517,663542,278117,54383,581883,1,109692,3,1774,3,422,1
1146,4,15,7454024,168831,133506,117284,255249,0,196694,3,867,0,120,1
1147,0,13,5482627,516297,253849,25951,84553,3,262694,0,1312,3,806,2
1148,1,4,2940118,71225,44631,101375,301647,0,80004,2,3343,1,370,1
1149,2,11,49567,17604,5051,170604,185740,3,112922,3,3767,1,415,1
1150,0,17,3245727,583404,229371,141375,178574,3,349306,0,3616,1,582,0
1151,7,13,6525312,356030,425147,111238,476766,1,414183,0,1172,3,486,1
1152,3,2,4150585,88728,43117,30285,68453,3,268073,0,3177,1,692,0
1153,8,15,1737552,70883,86450,254914,180857,3,395159,0,1711,3,943,2
1154,6,5,541669,59614,314713,184363,82530,3,441593,0,1234,3,651,0
1155,8,8,2460070,170270,64494,269536,164624,3,28218,1,1151,3,933,2
1156,5,13,8366504,638108,599014,54714,225663,0,339169,0,771,0,810,2
1157,4,5,5252841,202175,130699,290815,220181,0,303657,0,4300,2,418,1
1158,8,15,1522391,67431,73507,215240,371554,0,384371,0,1857,3,704,0
1159,1,18,2123290,77094,67115,217423,360726,0,236310,3,4527,2,394,1
1160,7,1,6314368,635355,535492,85412,125432,3,68480,2,4086,2,495,1
1161,1,18,3636307,82089,36695,241251,490014,1,363484,0,4777,2,752,0
1162,7,9,5848445,832039,207414,126806,228031,0,190466,3,1563,3,968,2
1163,7,9,7024980,757894,446594,31256,498708,1,222458,3,1107,3,844,2
1164,6,13,308745,96849,540503,206126,541221,1,480434,0,2527,1,404,1
1165,5,3,8670712,814308,322715,232597,363146,0,224429,3,4971,2,181,1
1166,1,10,3827126,53983,46365,133497,232631,0,254976,0,675,0,698,0
1167,8,18,1942232,93624,42739,64348,561655,1,263166,0,2346,1,95,3
1168,4,5,4312742,101227,83174,196493,395866,0,387253,0,3089,1,848,2
1169,1,16,2061587,54368,83874,25778,58784,2,413320,0,4699,2,505,0
1170,4,3,5657224,213357,86359,183598,548827,1,239753,3,4841,2,519,0
1171,4,10,6716439,197218,145752,133508,84915,3,49868,2,3184,1,116,1
1172,2,15,18133,26179,12425,36398,153325,3,422612,0,1396,3,131,1
1173,2,10,87707,29787,7597,211048,226556,0,270089,0,704,0,96,3
1174,0,3,5944767,512028,278819,270865,348524,0,84956,2,4826,2,557,0
1175,2,7,66333,28810,8150,43256,461592,1,274316,0,4745,2,538,0
1176,2,19,33582,29327,12325,299875,422223,1,364366,0,1409,3,723,0
1177,8,6,3336373,76504,31047,55298,281215,0,247301,3,1741,3,726,0
1178,7,11,8413620,842163,481811,184177,122932,3,179411,3,1413,3,478,1
1180,5,4,7179003,597086,244970,214048,330446,0,458419,0,1288,3,718,0
1181,3,0,1797894,188270,31685,155648,393454,0,105684,3,2553,1,181,1
1182,6,7,266246,79082,534457,178745,329821,0,466063,0,1251,3,175,1
1183,8,0,2678866,75219,74898,117833,241430,0,116821,3,2539,1,186,1
1184,0,14,5810400,507807,366062,262375,536703,1,91406,2,4366,2,317,1
1186,8,13,3330911,189259,60610,198159,593595,1,218267,3,1084,3,376,1
1187,4,0,6917793,158327,80932,140504,531904,1,235101,3,3427,1,369,1
1188,7,12,6657329,862541,310802,159556,491091,1,494392,0,4767,2,117,1
1189,1,11,3011241,86125,46341,51235,313857,0,372620,0,4812,2,609,0
1190,8,15,2565946,113212,91501,139966,542298,1,494330,0,4625,2,814,2
1191,4,8,7793854,116955,82206,237800,343120,0,218512,3,2017,1,517,0
1192,6,1,276179,74958,340959,289919,63111,3,272905,0,1576,3,70,3
1193,3,0,4913670,145822,80857,248328,581482,1,158111,3,685,0,183,1
1194,7,18,6981361,646462,112095,71959,428316,1,381405,0,1726,3,290,1
1195,8,2,3445982,151877,107573,31441,109789,3,166078,3,1285,3,221,1
1196,0,5,5902236,639646,311402,58905,96903,3,442764,0,2104,1,355,1
1198,1,5,1599751,59300,85388,180262,74408,3,46459,2,3333,1,509,0
1199,1,2,2217075,69809,76637,148962,244203,0,404656,0,1969,3,246,1
1200,2,13,37345,23039,7954,220702,542272,1,247236,3,4401,2,392,1
1201,4,16,6466677,220390,79514,115478,57830,2,124605,3,3656,1,502,0
1202,4,6,3963318,205729,83956,49245,199742,3,68149,2,4977,2,953,2
1203,2,4,92732,17716,7696,141200,169171,3,57012,2,1918,3,188,1
1204,5,1,7029632,496423,172652,92276,209710,0,368919,0,2939,1,61,3
1205,1,2,3152922,59036,42843,277117,596241,1,447314,0,2853,1,826,2
1206,0,13,3928856,638810,302265,103534,472605,1,371710,0,1162,3,178,1
1207,0,0,5521146,559550,215041,260866,549190,1,87969,2,3696,1,52,3
1208,1,16,2903542,81906,81399,111783,313039,0,475794,0,2736,1,255,1
1209,6,7,550840,77619,196289,208858,479634,1,295313,0,2982,1,690,0
1210,5,17,10620570,816754,386972,219591,223035,0,254198,0,1074,3,640,0
1211,3,14,1904034,110132,94506,193599,402295,1,204021,3,3962,1,249,1
1212,3,5,2183842,115297,33793,195698,472735,1,360636,0,2349,1,136,1
1213,5,1,8003222,746078,455392,230952,499095,1,268847,0,3155,1,645,0
1214,3,17,3357181,171586,79954,165128,98528,3,180943,3,1923,3,936,2
1215,3,6,3146262,155983,38638,250276,387264,0,68183,2,1338,3,323,1
1216,4,4,5858622,153032,105003,181797,456871,1,329742,0,4034,2,737,0
1217,1,15,2747658,62928,78116,33722,552237,1,92808,2,2695,1,358,1
1218,5,14,10726246,231634,611388,227968,576183,1,388623,0,503,0,323,1
1219,7,2,5647220,321915,376552,130906,447927,1,402564,0,1679,3,576,0
1220,4,7,7095995,142819,122705,254368,111986,3,119687,3,3462,1,599,0
1222,7,10,8380469,308029,412327,143424,71271,3,199096,3,4868,2,154,1
1223,3,10,1892832,110678,45010,190626,153477,3,95437,2,958,0,397,1
1224,6,13,530504,94718,33487,48802,199624,3,72650,2,2811,1,760,0
1225,0,3,5574816,575556,270910,105313,290804,0,139142,3,2081,1,303,1
1226,8,19,2279533,137426,62714,242432,156533,3,224019,3,1310,3,892,2
1227,5,18,9763753,271248,133087,86432,251599,0,256344,0,4472,2,604,0
1228,2,7,53862,27707,7297,213003,422758,1,320982,0,3258,1,589,0
1229,3,15,4472317,142756,88143,139815,270760,0,292887,0,1189,3,199,1
1230,7,18,7130536,754741,116977,121188,164759,3,170455,3,2546,1,82,3
1231,3,6,3907599,165666,43106,46248,158594,3,320020,0,745,0,782,0
1232,0,12,4932222,670524,398865,230676,199927,3,142318,3,3973,1,956,2
1233,7,8,8002265,664890,107423,264735,173395,3,200288,3,1417,3,143,1
1234,3,14,2123635,125748,93636,179815,463917,1,108376,3,4598,2,185,1
1235,7,16,7196684,571941,253784,85904,533085,1,471460,0,4540,2,72,3
1236,6,1,906155,67820,205542,50512,231898,0,404713,0,4082,2,749,0
1237,5,15,11103641,728978,406252,99823,148357,3,186619,3,2033,1,884,2
1239,7,6,7895503,846832,116936,178075,413384,1,369592,0,3669,1,873,2
1240,6,7,553124,85883,196174,285882,243714,0,61587,2,668,0,740,0
1241,6,15,443708,84238,33425,56776,450527,1,228493,3,3141,1,935,2
1242,0,7,5072203,696143,201872,206834,282604,0,83114,2,4884,2,152,1
1243,1,9,3955832,63901,56825,249196,338311,0,59302,2,1187,3,330,1
1244,4,1,7422789,100235,116794,240923,56034,2,78227,2,1133,3,163,1
1246,4,0,5665382,189733,114966,212579,415375,1,177758,3,4331,2,476,1
1247,3,7,2284712,112585,43031,96501,401965,1,260933,0,513,0,888,2
1248,5,1,7270923,680774,144006,297925,445463,1,340164,0,910,0,621,0
1249,5,16,8949407,675926,285198,195477,369163,0,146866,3,2080,1,554,0
1250,8,18,1795072,64455,57547,244093,485843,1,163028,3,693,0,296,1
1251,4,1,7434229,223248,125925,69480,525939,1,175390,3,1753,3,114,1
1252,8,18,2410528,128293,95539,121596,225928,0,225133,3,2479,1,139,1
1253,3,2,1581426,83274,45496,259178,113950,3,495633,0,4337,2,715,0
1254,5,10,8689892,647406,486696,165959,551681,1,364795,0,2227,1,799,0
1255,2,9,97433,30352,9520,120147,144500,3,64813,2,1247,3,151,1
1256,4,15,7822388,138731,124562,195120,108701,3,429222,0,3070,1,234,1
1257,0,6,3783674,531565,190385,147546,297836,0,201752,3,3355,1,73,3
1258,1,7,2813483,67973,33493,208747,537414,1,432526,0,2736,1,449,1
1259,3,10,3055955,112174,35936,194238,245162,0,139903,3,4936,2,585,0
1260,3,2,3893575,118368,26191,275183,147033,3,34128,2,4062,2,279,1
1261,7,18,8769794,214054,598024,206173,265322,0,478831,0,4938,2,854,2
1262,4,19,5640308,223770,76745,89794,107365,3,468727,0,2465,1,371,1
1263,4,9,6778616,237234,108306,110415,494818,1,150691,3,1482,3,382,1
1264,1,8,2814649,60963,36222,35045,136359,3,364647,0,2649,1,133,1
1265,3,13,2974649,154761,60130,123669,542970,1,318920,0,2567,1,720,0
1266,6,6,549860,67492,119222,177173,204924,0,146174,3,614,0,694,0
1267,5,11,6850526,562563,589132,27169,587603,1,221651,3,4004,2,207,1
1268,4,9,6389561,157442,89255,70748,578652,1,431626,0,4040,2,657,0
1269,8,0,1696105,133963,147868,93921,386471,0,462173,0,1887,3,517,0
1270,5,11,7647449,625199,591700,235550,563642,1,133704,3,4877,2,855,2
1271,8,11,1750971,61685,102934,22188,300182,0,247145,3,4021,2,700,0
1272,2,12,40589,29842,12408,159084,98339,3,277696,0,3989,1,611,0
1273,6,18,700292,66508,33109,236546,278943,0,380143,0,1356,3,781,0
1274,6,9,561960,90433,226652,224011,280663,0,114675,3,4655,2,561,0
1275,3,9,3654207,102262,73248,147637,453934,1,277843,0,3417,1,993,2
1276,8,3,1992536,102368,69935,88844,407268,1,416725,0,1699,3,487,1
1277,6,5,991512,84811,233865,140736,547500,1,237674,3,2951,1,352,1
1278,4,13,5529168,233955,122669,86454,317627,0,280189,0,2368,1,406,1
1279,3,4,1568245,114002,98087,222627,101233,3,316540,0,4339,2,971,2
1280,3,12,3684481,180687,66722,238689,158053,3,343393,0,2225,1,60,3
1281,1,8,1540207,69751,46815,141116,78754,3,260680,0,1274,3,115,1
1282,4,3,6347853,151297,112959,142631,210325,0,371367,0,3651,1,238,1
1283,8,11,2747257,190477,26105,148195,262109,0,67097,2,2166,1,192,1
1284,8,11,1771255,158864,52591,233526,132036,3,368243,0,2265,1,182,1
1285,4,0,5355830,100293,87944,161779,524269,1,155724,3,1970,3,148,1
1286,3,7,2198836,114185,51210,101942,114875,3,146701,3,1816,3,268,1
1287,1,0,1623547,65362,49497,272759,485558,1,116826,3,4142,2,942,2
1288,3,3,4906712,95506,46159,111778,246619,0,272696,0,2257,1,937,2
1289,0,8,4661222,622541,317388,45276,583031,1,153125,3,4727,2,159,1
1290,6,6,274153,67274,596776,296346,554562,1,267251,0,1120,3,641,0
1291,3,18,1651559,122568,83508,121592,147681,3,75010,2,1215,3,560,0
1292,4,14,5582291,221468,141282,139269,319748,0,71346,2,1544,3,196,1
1293,1,16,2836014,88356,36630,48972,95443,3,443331,0,821,0,922,2
1294,1,12,2956731,75503,42257,64146,388069,0,483002,0,3864,1,686,0
1295,1,17,2386912,80098,50384,116381,292677,0,229058,3,2880,1,348,1
1296,3,10,2822663,163956,48711,222739,576089,1,397192,0,1862,3,609,0
1297,7,8,5661670,769473,103903,230115,445146,1,182363,3,2967,1,750,0
1298,0,5,3327833,541246,389601,57712,415849,1,114854,3,2086,1,938,2
1299,4,17,3792326,196853,88275,169202,140658,3,494032,0,4295,2,140,1
1300,7,13,8597395,731837,228971,111540,471202,1,203206,3,672,0,519,0
1301,0,9,5491807,569654,161015,176500,246732,0,160840,3,1355,3,642,0
1302,0,8,3951290,625712,239268,209902,75507,3,135165,3,1007,3,640,0
1303,8,9,1519365,98510,58562,293734,541729,1,134378,3,3499,1,264,1
1304,2,18,96875,19844,9909,262600,99993,3,245353,3,1919,3,82,3
1305,1,18,3017283,61664,41252,54349,50646,2,140642,3,4657,2,949,2
1306,1,2,2007887,94368,42558,248853,529606,1,220132,3,864,0,459,1
1307,8,3,2669604,53379,82828,67670,296262,0,24621,1,2709,1,268,1
1308,3,2,3083213,89072,93039,155121,554766,1,58946,2,3988,1,565,0
1309,2,3,54595,23844,6734,254496,53868,2,494452,0,1959,3,188,1
1311,2,18,69673,25332,8457,271063,176066,3,57498,2,4684,2,972,2
1312,3,10,4713393,198235,57920,149003,200202,0,333340,0,832,0,540,0
1313,0,6,3997482,699514,401432,293092,570706,1,82887,2,3123,1,488,1
1314,8,1,2103027,195705,42507,279084,137928,3,347468,0,651,0,881,2
1315,0,12,4523356,672842,351629,125269,89656,3,102762,3,2390,1,784,0
1316,7,0,5225733,456245,184005,142544,597859,1,354662,0,2318,1,543,0
1317,2,16,49613,29290,6640,46807,136871,3,152504,3,4250,2,540,0
1318,0,6,3082652,520886,297931,103485,50285,2,456228,0,1110,3,886,2
1319,6,14,827770,56747,65913,20846,505796,1,487548,0,2445,1,583,0
1320,2,6,42125,21892,6472,96349,290328,0,155119,3,3894,1,476,1
1321,1,6,2728552,89954,35371,247429,134987,3,426864,0,4928,2,917,2
1322,7,11,7540171,202573,261508,132508,336585,0,297368,0,2973,1,582,0
1323,0,19,5460415,515617,335218,29354,301470,0,336123,0,1519,3,177,1
1324,1,3,1733966,80210,55888,292579,417665,1,310916,0,4328,2,439,1
1325,3,11,2277943,124658,55397,35297,335941,0,84179,2,1968,3,546,0
1326,6,6,512937,93427,364509,192354,538462,1,327958,0,835,0,869,2
1328,3,4,1991661,182255,47558,145579,233428,0,437940,0,1264,3,586,0
1329,0,0,5122417,655533,196826,27889,53032,2,40301,2,4199,2,502,0
1330,1,0,1646530,58357,74532,67747,443188,1,400818,0,3747,1,255,1
1331,8,3,2358764,112996,104204,181722,358895,0,294080,0,691,0,66,3
1332,7,2,6598860,870427,551794,68621,208345,0,235525,3,1917,3,667,0
1333,0,14,4336367,610203,328418,282073,269867,0,373948,0,3733,1,253,1
1334,3,9,3981759,79630,66396,205764,587338,1,137302,3,2359,1,67,3
1335,0,5,5624136,532312,163401,55474,167504,3,381265,0,4035,2,533,0
1336,6,13,753971,53760,199388,195941,317763,0,132318,3,3777,1,344,1
1337,8,8,2399806,182059,41592,75119,94878,3,55234,2,4430,2,900,2
1338,4,9,7305563,158808,122886,223973,181648,3,403149,0,1273,3,237,1
1339,5,17,9039729,120536,327410,207901,158667,3,47029,2,4889,2,777,0
1340,5,18,9795099,962869,247598,211034,270170,0,322280,0,4742,2,397,1
1341,8,4,2153336,149710,89960,274202,225581,0,398903,0,759,0,863,2
1342,3,10,4420756,119853,46869,261605,119629,3,421151,0,4651,2,867,2
1343,2,8,52552,21804,6690,195824,217614,0,459206,0,3549,1,759,0
1344,1,10,2257270,71082,93371,227750,487142,1,253356,0,4995,2,828,2
1345,5,15,11307089,719327,139064,22838,326559,0,207054,3,2108,1,170,1
1346,2,13,97661,27290,7054,221726,437072,1,347727,0,4233,2,304,1
1347,2,11,19889,19386,8798,169120,441767,1,52082,2,3878,1,959,2
1349,0,10,4174315,602616,256671,114736,587224,1,145129,3,3877,1,255,1
1350,5,9,9208184,626797,81439,50072,114448,3,439340,0,3763,1,844,2
1351,0,4,4196307,599161,101409,217217,472178,1,153486,3,4872,2,654,0
1352,0,11,5665684,657940,181530,210542,589516,1,433951,0,800,0,755,0
1353,0,3,5859336,617585,228002,219105,570272,1,283435,0,4107,2,894,2
1354,6,3,251476,81708,366904,130800,119831,3,162530,3,2153,1,552,0
1355,0,18,5734598,694843,256267,251136,319532,0,248344,3,3900,1,890,2
1357,0,7,3723173,597954,350478,20058,311702,0,202941,3,4710,2,682,0
1358,1,11,2479862,53762,51859,299159,395000,0,313940,0,2237,1,272,1
1359,8,16,2615002,183354,144781,265623,308030,0,217579,3,2280,1,266,1
1360,1,14,1964803,86692,55306,68375,535279,1,163480,3,3841,1,257,1
1361,7,9,8600290,482536,433337,218931,552360,1,200707,3,3427,1,300,1
1362,1,0,3481249,81304,80072,264847,376453,0,477947,0,3114,1,472,1
1363,6,6,594888,57096,200532,204395,419206,1,435404,0,886,0,706,0
1364,3,4,2339015,78724,88459,296303,250896,0,229495,3,3315,1,461,1
1365,4,4,7088509,132227,149086,122079,428294,1,124246,3,861,0,236,1
1366,7,2,6016621,435794,268963,270601,271194,0,154547,3,4249,2,318,1
1367,0,3,4628380,649116,237197,299245,407755,1,267355,0,4350,2,420,1
1368,2,12,26014,15529,11913,258926,214121,0,175398,3,1892,3,613,0
1370,6,12,896006,69341,218674,54215,323827,0,211664,3,3228,1,579,0
1371,0,19,3605259,551987,378781,248448,455999,1,221819,3,1380,3,320,1
1372,0,1,3033558,586406,221617,110145,144530,3,99812,2,4459,2,642,0
1373,8,15,1886051,75587,55584,206628,190628,3,50722,2,4435,2,585,0
1374,1,15,3786116,63707,45359,140461,520963,1,110108,3,542,0,861,2
1375,4,0,3743786,169072,97545,21745,536997,1,163547,3,2110,1,289,1
1376,7,2,7376226,332863,407542,170915,122021,3,144912,3,3547,1,403,1
1377,5,11,7963776,562445,592576,282585,324563,0,157775,3,680,0,914,2
1378,4,4,3893308,148857,88388,89316,577100,1,101187,3,1349,3,162,1
1379,8,17,1661944,172730,34223,141680,379761,0,63910,2,3848,1,102,1
1380,3,8,4335501,109181,83939,212910,510072,1,353872,0,809,0,860,2
1381,4,14,5098116,169566,138759,213060,198531,3,134014,3,685,0,96,3
1382,3,10,2577926,116445,90594,260785,324304,0,385913,0,4851,2,273,1
1383,7,0,7168781,467395,510444,68624,316211,0,60881,2,4161,2,693,0
1384,3,11,3668910,170933,28975,149735,327473,0,376700,0,3178,1,88,3
1385,2,9,54115,29894,7119,47335,366465,0,172645,3,4095,2,823,2
1386,7,1,6267664,821348,244642,153411,125276,3,395609,0,1303,3,960,2
1387,4,4,4972539,130838,109451,226840,565328,1,445557,0,2849,1,413,1
1388,8,19,1502319,134330,44699,145232,200375,0,383002,0,4304,2,780,0
1389,1,11,3718080,64239,82132,279882,504602,1,244682,3,2848,1,417,1
1390,1,5,2240514,94898,53713,239280,388136,0,391108,0,3207,1,722,0
1391,4,5,3743449,246947,147580,152095,458024,1,103806,3,1651,3,592,0
1392,1,7,1643989,57435,68653,272937,489545,1,459461,0,1166,3,993,2
1393,6,11,583137,77752,388515,169593,133049,3,112308,3,3327,1,671,0
1394,7,15,5986817,486603,248274,56146,454535,1,312686,0,1265,3,66,3
1395,6,13,335212,56991,342852,298554,447211,1,484164,0,3123,1,993,2
1396,0,16,5324550,596962,302921,123495,199820,3,483043,0,2918,1,249,1
1397,1,13,1607866,63974,92252,274525,450389,1,43423,2,2060,1,893,2
1398,8,1,3073509,58548,114571,234965,202479,0,83774,2,508,0,203,1
1399,7,0,5597504,266667,120050,85986,122769,3,68472,2,2524,1,846,2
1400,2,10,99708,15290,8939,45902,320640,0,83558,2,3384,1,186,1
1401,5,10,9768895,867793,304529,272801,508451,1,131100,3,1242,3,237,1
1402,7,2,5247506,681456,136793,58623,196099,3,266848,0,4333,2,334,1
1403,5,0,7854430,929335,449795,39498,146873,3,449290,0,4765,2,633,0
1404,7,15,6969163,364394,108336,198936,296286,0,407938,0,4526,2,724,0
1405,7,10,7813808,454025,381694,241251,185606,3,208986,3,4933,2,301,1
1406,8,19,2509108,151007,139088,65129,586610,1,333095,0,3922,1,345,1
1407,6,10,400732,88383,135903,149336,167656,3,274383,0,4733,2,527,0
1408,0,9,5901509,669313,247258,89817,487164,1,193521,3,3146,1,727,0
1409,5,19,6431358,180095,164434,198796,84997,3,480367,0,1592,3,823,2
1410,3,19,4551072,198907,66622,258370,144157,3,112727,3,2100,1,146,1
1411,3,19,4663059,164720,36818,198747,266032,0,272453,0,1882,3,498,1
1412,1,3,3614022,92396,80807,92337,181497,3,477939,0,3033,1,368,1
1413,7,9,5440450,582889,298406,139334,569481,1,70168,2,1003,3,801,2
1414,8,4,2756388,142349,40455,111217,194350,3,22878,1,3863,1,440,1
1415,8,3,2881086,182310,132146,239080,226733,0,380747,0,619,0,541,0
1416,2,17,96960,29017,10511,202550,501562,1,88605,2,3145,1,422,1
1417,6,4,595298,70532,342607,105379,567865,1,183622,3,4379,2,440,1
1418,3,9,1664390,143246,93507,193357,266965,0,285698,0,508,0,716,0
1420,0,15,3654175,548835,311952,198267,495392,1,461110,0,1555,3,998,2
1421,1,7,2736368,73694,62647,47613,303482,0,439930,0,3276,1,201,1
1422,5,12,10615749,459496,85636,230609,205985,0,171815,3,3317,1,156,1
1423,7,11,5973818,736329,317304,281119,494356,1,321989,0,2509,1,728,0
1424,7,13,7512215,858911,538240,273732,586775,1,399418,0,2879,1,83,3
1425,5,13,7533129,182315,528087,124153,283522,0,332084,0,3769,1,92,3
1426,2,11,19649,24961,5543,94727,379991,0,451490,0,3205,1,555,0
1427,4,12,4991575,206891,95735,25877,210971,0,448932,0,2229,1,687,0
1428,8,2,2448971,57452,31428,76510,170365,3,278391,0,2412,1,805,2
1429,2,6,83589,29794,5485,133355,417896,1,90065,2,3612,1,941,2
1430,4,18,5936603,192875,95103,275069,267993,0,267008,0,2866,1,970,2
1431,8,4,1742793,183576,67896,132722,297596,0,198899,3,2669,1,285,1
1432,3,6,3864331,151486,61401,274977,322544,0,209320,3,2321,1,778,0
1433,0,19,5212088,515033,360718,56250,353179,0,112792,3,1084,3,220,1
1434,4,9,3526038,122454,83061,214063,297241,0,284278,0,4464,2,137,1
1435,4,13,4481553,195383,72925,189444,474828,1,359639,0,2369,1,932,2
1436,8,16,2843609,149161,118666,284256,317152,0,227099,3,2230,1,852,2
1437,6,19,591478,87232,61834,41938,404242,1,233118,3,3330,1,807,2
1438,0,17,5110527,563482,287186,233602,405020,1,417221,0,3215,1,561,0
1439,5,4,11977803,358363,349580,166626,436038,1,159436,3,4008,2,923,2
1440,4,14,4318585,117078,130334,108303,240287,0,253949,0,1884,3,575,0
1441,0,11,5134675,681179,229261,159223,288833,0,419929,0,2303,1,270,1
1442,7,12,7653747,852645,305311,149887,566181,1,319240,0,697,0,269,1
1443,2,2,18070,26709,10289,171748,402414,1,299371,0,3370,1,526,0
1444,4,8,4444834,101115,76726,77234,342925,0,414439,0,4718,2,357,1
1445,2,12,35964,30159,7959,139716,292826,0,377417,0,4796,2,153,1
1446,2,15,87139,18191,10934,76300,400319,1,484800,0,3732,1,928,2
1447,2,2,63354,27371,7758,277866,427704,1,207661,3,1180,3,269,1
1448,8,18,1842633,82771,81421,89248,266025,0,440530,0,1359,3,658,0
1449,8,9,3226901,107996,123743,137914,154853,3,271562,0,2418,1,900,2
1450,3,3,1609440,168583,37628,106224,317290,0,223464,3,3666,1,608,0
1451,0,13,4979249,656760,358941,152789,407463,1,162654,3,4641,2,557,0
1452,7,11,5277448,671611,144357,98014,322688,0,499979,0,3517,1,967,2
1453,7,13,7154205,600963,158606,25116,104028,3,391241,0,1597,3,676,0
1454,0,11,5708014,574180,128309,71042,571695,1,414452,0,2049,1,884,2
1455,3,3,4658445,177874,39388,263786,566465,1,235877,3,4755,2,325,1
1456,7,18,8136826,885023,184881,63458,179847,3,43893,2,2889,1,580,0
1457,3,4,2978647,121910,65346,205051,396462,0,214630,3,2922,1,841,2
1458,2,4,64165,24721,7492,226975,417083,1,267067,0,1484,3,860,2
1459,4,14,4243165,117169,95432,36226,419842,1,226043,3,1788,3,534,0
1460,0,15,3088983,554078,186590,153878,286524,0,426418,0,3113,1,861,2
1461,8,13,2611752,108649,135248,150424,382672,0,54118,2,4539,2,581,0
1462,4,9,5972700,142877,137505,116823,150680,3,436611,0,3553,1,264,1
1463,1,8,2234386,60379,80624,244161,535200,1,343166,0,2926,1,183,1
1464,3,13,3483170,104289,82350,155519,158993,3,293803,0,1418,3,745,0
1466,4,18,4920659,150755,127968,53999,523059,1,222848,3,3535,1,645,0
1467,2,13,60872,28022,12128,293502,560086,1,80727,2,4045,2,918,2
1469,0,6,4308674,594078,330454,180043,335484,0,317058,0,2970,1,78,3
1470,5,2,7923817,829266,260537,270296,273763,0,350648,0,4872,2,258,1
1471,5,4,6730382,180151,271245,243761,471796,1,276265,0,3511,1,837,2
1472,0,7,4428175,609987,402854,262824,115948,3,459105,0,4285,2,815,2
1473,3,17,1512558,140455,94519,172360,118281,3,474593,0,4214,2,510,0
1474,2,16,47304,15859,5948,44226,112747,3,106931,3,2910,1,344,1
1475,4,4,6491080,208664,83194,256901,88257,3,133051,3,651,0,783,0
1476,2,6,30461,24261,11536,251278,189478,3,342660,0,4241,2,480,1
1477,0,12,5260252,627090,141989,46270,569355,1,143112,3,3554,1,916,2
1478,1,17,3199188,88655,82108,41874,457237,1,204891,3,757,0,277,1
1479,6,7,563362,78102,245773,70529,366558,0,74295,2,4389,2,546,0
1480,7,10,7894367,751055,251245,291288,89617,3,384768,0,1014,3,863,2
1481,5,7,7081064,947925,199304,148890,464849,1,275061,0,1161,3,396,1
1482,1,4,3626642,86742,51363,281225,352603,0,328004,0,4659,2,737,0
1483,3,5,3484041,147941,90917,102463,531710,1,109287,3,1220,3,176,1
1484,1,1,2505702,53685,48328,279503,525663,1,288461,0,3418,1,297,1
1485,0,8,3492744,660434,334722,102537,89754,3,145703,3,4528,2,772,0
1486,4,17,6967262,167312,114456,140999,83660,3,119584,3,2305,1,433,1
1488,6,2,357408,68682,37896,146820,128133,3,224368,3,4551,2,184,1
1489,6,14,539317,73487,559790,238121,141544,3,124667,3,4884,2,148,1
1491,0,1,4453172,617612,290288,127981,123549,3,487248,0,3610,1,886,2
1492,3,9,2207573,197471,57879,233756,273565,0,300669,0,614,0,621,0
1494,4,19,6841521,186417,90128,212784,63704,3,139734,3,3570,1,325,1
1495,4,17,7517093,125171,123721,101599,89008,3,296980,0,1294,3,549,0
1496,5,16,9868254,613133,367854,105804,393995,0,266376,0,3679,1,679,0
1497,0,0,3511224,573955,384659,192924,296834,0,20704,1,3782,1,766,0
1498,6,13,690475,75365,339976,30417,142697,3,492276,0,2311,1,468,1
1500,2,6,28303,22567,5742,87154,586737,1,214466,3,1504,3,849,2
1501,5,0,10659667,534194,589998,28536,444717,1,156317,3,3561,1,81,3
1502,1,19,1721380,94474,52400,274386,559014,1,270188,0,3313,1,476,1
1503,7,6,5711624,623305,575419,266638,408743,1,386566,0,3912,1,698,0
1505,3,14,2331594,125764,65978,274828,232599,0,465201,0,2279,1,648,0
1506,4,13,7410999,121840,133704,296606,405764,1,71461,2,4417,2,968,2
1507,6,16,977749,56296,588051,74169,541845,1,375779,0,902,0,691,0
1508,6,10,928017,84469,191704,55373,114966,3,131289,3,3069,1,685,0
1509,7,5,5160856,403146,287721,207650,535936,1,128725,3,3570,1,782,0
1510,2,17,49572,16277,9693,39495,477493,1,322487,0,4650,2,287,1
1511,7,12,5540528,406289,109450,195859,564848,1,267179,0,2441,1,934,2
1512,0,0,3398991,508155,255993,215326,327486,0,60404,2,1831,3,841,2
1513,4,6,5751106,192621,111245,129753,209706,0,378966,0,1898,3,101,1
1514,8,14,3180658,183813,74263,78888,156381,3,50112,2,2551,1,342,1
1515,0,13,4603938,593612,317852,246579,568474,1,131164,3,4734,2,319,1
1516,5,17,8658881,534855,105372,217141,518386,1,414652,0,4585,2,548,0
1517,6,5,767682,95694,63860,264817,286589,0,141036,3,1125,3,501,0
1518,8,11,1581140,144275,55332,74935,350724,0,200866,3,3422,1,147,1
1519,0,6,5524285,516181,350883,190325,244146,0,233179,3,3578,1,949,2
1520,4,6,5963829,238187,70938,192372,164871,3,30051,2,1596,3,551,0
1521,6,14,706007,52607,381880,137460,392059,0,158574,3,4112,2,895,2
1522,0,5,3735556,639986,374585,282823,366459,0,305972,0,4622,2,156,1
1523,3,4,4000258,196788,73322,204529,249203,0,424354,0,1038,3,826,2
1524,7,18,6364229,532304,351556,230561,388949,0,430270,0,1840,3,478,1
1525,0,1,3963955,510772,115614,268646,179215,3,54670,2,4544,2,865,2
1526,7,4,7345981,508073,368508,142562,181315,3,400998,0,672,0,603,0
1527,5,16,8223945,916926,593361,96317,129530,3,319638,0,510,0,494,1
1528,3,19,1659034,187084,96344,24757,56333,2,159669,3,3875,1,925,2
1529,2,11,53027,18707,7410,144412,506248,1,211311,3,2117,1,708,0
1530,1,18,3433137,90557,37111,25621,513682,1,399124,0,1052,3,727,0
1531,4,4,6305046,116331,134876,296343,127668,3,282510,0,1712,3,877,2
1532,1,0,2862163,59584,77363,115654,289632,0,491052,0,2227,1,825,2
1533,8,11,3408962,148394,111002,154837,113840,3,166941,3,3124,1,123,1
1534,1,16,3409388,70284,45938,145601,127501,3,99729,2,3971,1,895,2
1535,0,11,4099783,571934,289793,147681,236900,0,349076,0,1154,3,924,2
1536,6,5,824741,57965,435849,158527,293996,0,354929,0,1711,3,833,2
1537,1,9,2340509,67608,35077,225956,306519,0,162626,3,2397,1,151,1
1538,0,17,3253275,583590,238506,109088,581044,1,45537,2,2386,1,192,1
1539,8,10,3411049,196191,73693,111129,132749,3,168666,3,2076,1,354,1
1540,1,8,2608766,72749,36653,112948,540432,1,181662,3,1987,3,293,1
1541,2,12,15208,16513,5232,172440,206258,0,310792,0,1923,3,385,1
1542,0,5,4650995,586148,337279,104451,101037,3,478784,0,4839,2,808,2
1543,4,12,4910606,161909,123885,89663,413120,1,299598,0,3176,1,446,1
1544,6,18,485133,86287,53707,208534,272717,0,229383,3,4727,2,785,0
1545,4,8,3958817,247530,114797,150636,268486,0,314732,0,1310,3,593,0
1546,0,9,3563553,555014,202268,222320,448631,1,371126,0,2867,1,338,1
1547,2,9,58471,28187,6710,23710,586192,1,25266,1,715,0,992,2
1548,2,7,80697,28581,6985,87680,335065,0,181601,3,1080,3,511,0
1549,2,3,38793,25740,7508,131301,240434,0,191509,3,3306,1,877,2
1550,4,14,6799019,137776,129213,272479,347989,0,335049,0,2374,1,568,0
1551,0,8,5042990,515656,351734,220629,346088,0,264956,0,1670,3,624,0
1552,6,7,708084,67038,237101,289714,154202,3,265657,0,1944,3,479,1
1553,5,19,7244546,579525,302358,52412,459171,1,497798,0,3742,1,464,1
1554,2,12,84839,23243,11681,90686,490182,1,372484,0,1471,3,890,2
1555,5,2,8064190,116936,458792,259219,540812,1,422897,0,3012,1,417,1
1556,4,13,6670279,220103,90502,70727,296463,0,381078,0,1571,3,927,2
1557,8,10,1516045,162385,128480,138184,395471,0,220262,3,1611,3,240,1
1558,3,17,2664983,157035,34651,275973,109530,3,234295,3,2930,1,544,0
1559,0,10,4520775,583807,319051,157888,299613,0,485295,0,4842,2,179,1
1561,6,3,816607,92381,352760,223269,485813,1,305585,0,2023,1,794,0
1562,3,8,1761895,123538,29307,138768,172518,3,366616,0,2908,1,463,1
1563,1,9,2267318,57022,83754,99758,135784,3,368406,0,2781,1,516,0
1564,1,14,2473863,77147,43042,172032,64623,3,335972,0,1402,3,846,2
1565,1,2,2203991,65915,36519,185956,248305,0,180878,3,3198,1,308,1
1566,6,11,873396,67588,323368,135988,342505,0,24901,1,4386,2,597,0
1567,7,11,7368365,278600,364986,165753,551240,1,469302,0,1252,3,901,2
1568,7,15,8438788,763267,578584,194058,566714,1,123785,3,1440,3,618,0
1569,4,2,6308792,196534,111836,199231,179119,3,225448,3,2554,1,722,0
1570,7,11,5776390,647901,483996,198873,377915,0,309423,0,3978,1,596,0
1571,2,0,31472,21853,10871,217585,404139,1,445778,0,1530,3,237,1
1572,3,0,3075623,154184,94643,175936,231944,0,317456,0,4147,2,634,0
1573,2,18,77130,28809,6021,241371,374370,0,69329,2,4897,2,665,0
1574,1,0,3902982,81186,78353,159949,297911,0,410036,0,3406,1,827,2
1575,3,0,1989142,111770,48448,285255,225337,0,235904,3,2490,1,852,2
1576,0,19,4978300,612907,320612,59800,540284,1,174848,3,604,0,533,0
1577,2,7,78019,18597,12050,217782,68030,3,37063,2,2404,1,296,1
1578,0,6,3464890,630572,210599,126805,475367,1,49937,2,2787,1,805,2
1579,6,19,516772,81054,411871,38327,513492,1,432842,0,4540,2,667,0
1580,0,15,5000785,644933,113486,255160,245966,0,287287,0,724,0,989,2
1581,5,17,9120615,283237,475206,143390,481625,1,348732,0,3707,1,188,1
1582,4,2,6041643,129512,95986,210821,317564,0,177550,3,2619,1,274,1
1583,1,18,2253235,85348,81739,166084,157706,3,268864,0,3382,1,302,1
1584,7,16,6609890,559303,299211,111400,447640,1,169564,3,3756,1,509,0
1585,3,15,2229458,166820,45716,44503,476660,1,325755,0,4226,2,661,0
1586,0,17,5389428,641353,334098,231616,131524,3,412056,0,4819,2,773,0
1587,8,1,1716063,115578,63876,63519,552658,1,205224,3,2517,1,264,1
1588,4,2,7987092,104583,97055,277591,386506,0,360038,0,4431,2,381,1
1589,6,7,989453,89874,333675,292944,428755,1,165981,3,2555,1,534,0
1590,0,18,3557273,595444,319622,98375,460612,1,267592,0,2935,1,624,0
1591,8,12,1785534,156226,112332,23952,345401,0,317879,0,746,0,576,0
1592,1,19,2023338,75386,86195,248541,131926,3,43467,2,1674,3,123,1
1593,1,12,1917473,73234,41965,196310,66506,3,106565,3,4710,2,653,0
1594,2,19,96183,29907,8427,77167,225383,0,255715,0,2174,1,623,0
1595,3,13,3612523,184850,89256,192191,172962,3,274136,0,3693,1,541,0
1596,1,3,2477793,51832,34245,99304,239723,0,111738,3,1912,3,708,0
1597,4,19,7256476,135188,96711,295174,57118,2,150221,3,4133,2,545,0
1598,6,17,576275,52767,117016,109809,572864,1,335498,0,1577,3,843,2
1599,4,12,6380885,111713,91851,103788,514099,1,221804,3,1190,3,625,0
1600,6,0,891968,51131,420405,21756,158413,3,97545,2,1035,3,237,1
1601,8,12,2032227,80643,78436,112524,589293,1,130934,3,3611,1,730,0
1602,3,12,3083806,157620,88014,296080,431807,1,336665,0,4916,2,242,1
1603,3,13,4709200,170960,27026,47120,193123,3,182130,3,3452,1,868,2
1604,2,4,17044,19663,8629,190764,274279,0,253117,0,880,0,295,1
1605,2,15,22071,19513,11411,181720,278248,0,447758,0,4265,2,261,1
1606,2,16,30089,27357,7985,204645,277192,0,249004,3,2397,1,456,1
1607,2,17,17069,15278,7419,127101,453834,1,107324,3,1057,3,762,0
1608,3,7,4047417,104171,65820,134074,171936,3,382206,0,3715,1,686,0
1609,3,13,2928975,157149,78142,202392,439159,1,22395,1,3391,1,452,1
1610,0,19,5159405,556373,191506,79402,218639,0,273059,0,2973,1,870,2
1611,8,15,1946997,184228,144997,107962,377536,0,442331,0,2128,1,189,1
1612,5,3,11606249,586911,613180,119759,164095,3,214877,3,4816,2,515,0
1613,7,18,7994396,580714,307504,61741,306015,0,432312,0,4932,2,891,2
1615,4,6,6471152,223083,81688,289539,88300,3,140615,3,773,0,750,0
1616,4,3,6587554,249531,118217,281413,305254,0,301612,0,1766,3,912,2
1617,6,3,971931,98299,84017,226346,118892,3,170268,3,4898,2,637,0
1618,8,2,2901802,62168,108419,37236,95531,3,85355,2,1932,3,298,1
1620,6,5,406113,53243,81514,176298,262566,0,254031,0,1436,3,250,1
1621,6,7,976747,72033,220154,20145,439928,1,391397,0,4900,2,552,0
1622,6,17,285473,92605,566141,294711,528449,1,155850,3,4113,2,209,1
1623,2,4,47969,21249,11335,262256,140303,3,164256,3,3700,1,345,1
1624,6,1,425461,77169,548452,214662,438311,1,440016,0,1679,3,697,0
1625,1,13,2358697,65406,62836,207414,427416,1,113153,3,2316,1,593,0
1626,4,13,7960775,184405,145228,122427,241500,0,326595,0,2494,1,475,1
1627,6,18,358933,73426,520070,271499,274461,0,403193,0,3845,1,761,0
1628,7,1,7991857,438314,311296,129862,310497,0,464721,0,2173,1,805,2
1629,4,6,5246221,124696,85632,234241,439888,1,299546,0,1403,3,922,2
1630,4,15,3520848,142535,77919,238558,213371,0,265322,0,744,0,87,3
1631,7,5,6284963,870216,486185,142310,78179,3,302383,0,4013,2,707,0
1632,2,14,77573,20557,5491,202087,144374,3,283131,0,1524,3,51,3
1633,6,5,982243,86673,75825,159222,409624,1,190010,3,597,0,678,0
1634,3,17,2121133,141435,47504,236434,548229,1,286227,0,2927,1,286,1
1635,0,5,4710944,664187,188795,225212,469278,1,74502,2,2842,1,815,2
1637,8,18,3325660,77746,79512,186732,215412,0,94418,2,2657,1,587,0
1638,6,3,868259,53953,580145,244987,304373,0,408396,0,3265,1,429,1
1639,1,8,1625961,65911,52286,278108,146345,3,386572,0,1490,3,382,1
1640,7,6,7674269,605308,449621,270325,231794,0,265885,0,3599,1,678,0
1641,3,1,4016579,199892,77550,211399,388140,0,399962,0,4575,2,406,1
1642,0,9,3382395,587473,243719,293795,582010,1,153662,3,4731,2,358,1
1643,3,2,3432277,116564,53948,261126,252079,0,49288,2,845,0,857,2
1644,4,2,7775362,220322,85352,124831,221455,0,497607,0,3871,1,898,2
1645,2,19,46931,17694,6298,231566,172846,3,307768,0,4095,2,91,3
1646,1,19,2184971,76435,41473,162799,151336,3,103061,3,2573,1,648,0
1647,0,14,5402412,629916,271726,54208,194983,3,121704,3,4637,2,433,1
1648,0,4,5355942,649828,151529,240996,178528,3,139238,3,3364,1,659,0
1649,2,1,96561,21818,7337,25080,574639,1,225334,3,1059,3,143,1
1650,4,0,5684482,180383,110438,23490,176485,3,419759,0,1935,3,404,1
1651,8,8,2812260,65253,27479,31604,452357,1,237864,3,1429,3,268,1
1652,8,15,2554902,155931,138237,299712,362826,0,461185,0,4044,2,947,2
1653,0,11,4019349,628001,332845,202684,82575,3,374498,0,605,0,689,0
1654,7,5,8107764,571762,203850,152539,468461,1,33430,2,3046,1,141,1
1655,7,4,8199346,614025,453626,256818,378261,0,378754,0,2218,1,763,0
1656,2,17,71863,28437,12267,297772,179194,3,77249,2,4471,2,737,0
1657,8,7,3443776,195927,32100,142439,526482,1,319820,0,792,0,620,0
1658,6,3,618182,78443,511921,257865,362689,0,457464,0,4700,2,493,1
1659,0,14,4160185,511782,171780,285445,365157,0,472204,0,3764,1,305,1
1660,6,17,616475,83391,183912,94782,469027,1,184546,3,1905,3,642,0
1661,8,13,2203572,102963,67131,289401,51266,2,119318,3,2407,1,965,2
1662,0,5,4438885,571736,140117,38881,319287,0,72972,2,2459,1,234,1
1663,4,18,4358869,170735,78531,147933,167422,3,168659,3,4805,2,649,0
1664,7,15,6884263,842457,190623,36961,488303,1,262593,0,686,0,763,0
1665,2,3,90550,20213,12265,60526,250917,0,39874,2,809,0,658,0
1666,4,15,4643988,135385,127857,264657,459922,1,199632,3,1106,3,114,1
1667,0,10,3871167,594615,229039,92896,317457,0,260994,0,2441,1,619,0
1668,1,5,1772304,58386,94424,226926,554707,1,399988,0,4146,2,84,3
1669,6,17,280307,80104,77385,82845,293232,0,321895,0,1772,3,81,3
1670,2,19,71045,21186,6691,122712,544464,1,222744,3,2175,1,244,1
1671,5,12,9790860,422702,397280,42518,573364,1,474401,0,3394,1,369,1
1672,7,18,8247198,672230,531167,252508,259088,0,165501,3,755,0,688,0
1673,7,1,7080473,583176,259105,212417,206852,0,39814,2,3311,1,725,0
1674,8,5,1953797,68902,118541,294287,210609,0,156662,3,705,0,806,2
1675,4,14,4503272,246811,74881,267446,536988,1,137044,3,1735,3,673,0
1676,3,1,4463293,140511,89579,94496,570824,1,52740,2,4188,2,908,2
1677,5,17,10567247,863806,506247,172960,417769,1,75994,2,1270,3,857,2
1678,0,3,4345041,685182,318388,181323,413399,1,30303,2,1192,3,216,1
1679,1,7,1779259,59492,37672,268468,563441,1,53180,2,4512,2,393,1
1680,0,6,3659462,689504,220471,248587,125716,3,424993,0,2589,1,57,3
1681,7,2,6321257,585676,602932,178250,512789,1,454882,0,2966,1,578,0
1682,7,0,5745598,342235,303973,264998,81483,3,393420,0,3562,1,978,2
1683,6,14,871754,88349,56896,162913,529726,1,115756,3,646,0,611,0
1684,2,0,17216,22128,8402,295307,355173,0,182277,3,619,0,913,2
1685,6,19,693540,67426,379663,114311,486683,1,54234,2,4782,2,308,1
1686,4,6,4695960,187056,135047,254711,336389,0,167778,3,3599,1,725,0
1687,8,16,2121741,175051,119385,48141,413662,1,38699,2,2879,1,477,1
1688,7,11,7267859,742620,564300,204178,448710,1,32583,2,4854,2,385,1
1689,8,13,2801385,90010,107628,123080,103097,3,283983,0,4810,2,706,0
1690,1,7,2281213,94087,94007,120689,478646,1,237501,3,2279,1,602,0
1691,3,5,2395372,85327,32995,47480,389185,0,246352,3,551,0,319,1
1692,2,13,23048,19590,11861,225874,163495,3,291127,0,1163,3,269,1
1693,6,0,758311,51374,208721,136256,418781,1,189553,3,4004,2,274,1
1694,5,1,11108011,928643,348263,196525,590094,1,315333,0,1082,3,866,2
1695,6,18,849678,64818,95749,299717,256202,0,498877,0,2955,1,280,1
1696,0,19,3114132,516730,145642,122329,276264,0,223232,3,4214,2,844,2
1697,2,5,97110,29975,8011,65486,204384,0,211862,3,1886,3,631,0
1698,6,12,904996,99713,271014,180110,484219,1,96281,2,933,0,514,0
1699,4,6,7910314,245615,138007,72109,274577,0,348419,0,4344,2,711,0
1701,8,17,2283185,135436,52919,258344,593773,1,440964,0,3248,1,621,0
1702,1,7,1960283,87319,51415,79705,384522,0,64405,2,4751,2,726,0
1703,2,2,15368,19152,11587,103491,565185,1,331367,0,1699,3,935,2
1704,7,15,8388929,816972,546130,122401,343999,0,493316,0,2053,1,638,0
1705,2,17,65999,25938,11112,208137,346244,0,248953,3,2302,1,316,1
1706,0,12,3828435,695235,133957,124501,66073,3,115446,3,1784,3,460,1
1707,7,3,8834654,847302,587828,96847,199005,3,218862,3,2062,1,356,1
1708,8,19,2259283,128418,99878,63669,188106,3,430492,0,4972,2,416,1
1709,2,11,90552,17418,9285,185230,342288,0,369377,0,3825,1,253,1
1710,3,15,3703095,77357,32233,272239,418054,1,83223,2,3018,1,741,0
1711,8,16,3429025,168761,70299,221129,250437,0,123421,3,2771,1,196,1
1712,8,11,3225420,146051,27574,201149,58059,2,134400,3,824,0,778,0
1713,0,3,5497650,576668,193591,22492,317751,0,134749,3,2520,1,974,2
1714,1,15,2280868,55291,44586,181011,533206,1,171652,3,3961,1,94,3
1716,5,10,10772981,564509,585760,49457,88237,3,381937,0,4001,2,452,1
1717,1,4,2824771,54439,55309,28934,214998,0,473927,0,3005,1,513,0
1718,5,14,9476698,472467,624438,152985,409987,1,315477,0,1077,3,421,1
1719,1,12,1925366,64492,51684,253892,450837,1,107046,3,3638,1,330,1
1720,3,8,5005145,159958,55302,195572,203860,0,138181,3,1376,3,382,1
1721,0,7,3606281,535595,331724,109002,387355,0,194312,3,1491,3,914,2
1722,7,18,5169202,751078,599458,20524,149528,3,494104,0,3679,1,360,1
1724,3,10,3478147,108147,45393,180726,590887,1,75977,2,3947,1,540,0
1725,5,14,11911625,375207,139959,148007,512882,1,463957,0,1459,3,196,1
1726,3,7,2261308,179147,48746,167297,79954,3,493772,0,4556,2,78,3
1727,6,0,500928,91702,492261,178611,338897,0,250423,0,2820,1,307,1
1728,3,3,4266215,147257,54310,134263,355262,0,382679,0,4600,2,967,2
1729,2,8,46301,23934,7748,239980,188532,3,106968,3,3518,1,872,2
1730,7,1,6202098,227558,452094,42616,167620,3,331301,0,592,0,161,1
1731,2,0,24042,19637,8274,198755,350221,0,70873,2,3671,1,477,1
1732,7,19,6001635,649172,264609,90057,502433,1,494439,0,1814,3,782,0
1734,5,13,11252623,952129,335387,114319,57142,2,420048,0,4177,2,625,0
1735,3,19,2670932,166538,62234,104372,494855,1,313648,0,891,0,594,0
1736,2,18,35442,16015,10747,46210,75520,3,199851,3,1181,3,902,2
1737,8,15,2618917,167413,77236,117947,70181,3,62747,2,3205,1,57,3
1738,6,1,373020,82314,101361,36620,459936,1,394361,0,4967,2,910,2
1739,6,15,919801,97074,597984,76598,599245,1,351735,0,2105,1,256,1
1740,6,5,594271,88866,458591,135611,364147,0,496138,0,1798,3,824,2
1742,3,9,3330349,103243,85330,45429,427067,1,143962,3,1682,3,687,0
1743,0,4,4763164,659310,328062,235984,503101,1,225024,3,1703,3,382,1
1744,4,5,4761083,187942,90768,204064,182636,3,400621,0,4721,2,477,1
1745,1,10,2877530,72600,82272,54677,407015,1,450843,0,4127,2,847,2
1746,4,6,7314915,231840,98686,207613,476298,1,437694,0,2678,1,669,0
1747,2,11,66314,18427,12390,138825,380967,0,139623,3,4823,2,958,2
1748,0,7,4135072,519196,149529,63104,288547,0,226960,3,4361,2,605,0
1749,5,7,11766315,402582,345214,217277,108764,3,317529,0,4451,2,302,1
1750,2,12,94901,26828,10922,108773,156096,3,275790,0,1504,3,482,1
1751,2,9,63190,18718,9204,126871,261679,0,383714,0,2822,1,530,0
1752,7,16,5571181,786816,353074,223035,475366,1,80605,2,3363,1,348,1
1753,2,16,58698,22015,5286,45128,272022,0,223294,3,1149,3,636,0
1754,4,15,7705431,133141,112129,66598,499125,1,324301,0,4809,2,358,1
1755,2,10,53903,16841,8380,240362,97562,3,217056,3,2419,1,537,0
1756,4,12,7617677,229299,82239,46598,303838,0,314380,0,1104,3,994,2
1757,2,2,44867,28741,10437,39615,232848,0,460875,0,4863,2,309,1
1758,6,17,684225,77339,373738,148124,310675,0,53506,2,4808,2,722,0
1759,3,14,4620771,99650,91021,277046,576172,1,477976,0,4701,2,474,1
1760,8,19,1794252,72166,68384,74524,544778,1,225796,3,2919,1,53,3
1762,2,15,59840,26967,7001,83481,397689,0,258533,0,2442,1,57,3
1763,1,7,3209699,85373,58446,80649,203906,0,443092,0,3804,1,596,0
1764,6,2,843955,77972,35940,112452,184583,3,373132,0,4852,2,708,0
1765,7,5,6999672,843527,220124,239475,509292,1,478826,0,4743,2,206,1
1766,3,1,3729435,162548,49867,105302,308644,0,120114,3,4207,2,749,0
1767,5,1,10371073,369538,587581,213747,511859,1,298437,0,3336,1,968,2
1768,3,16,4416982,92908,89347,125220,200254,0,61860,2,2615,1,675,0
1769,6,10,817665,94037,54893,237918,472293,1,398017,0,815,0,452,1
1770,3,1,2060139,157212,32937,21264,311507,0,133669,3,1929,3,513,0
1771,0,13,4199063,675081,396252,205958,432242,1,450915,0,3551,1,459,1
1772,1,0,1571955,62161,47433,95663,583445,1,469967,0,3291,1,993,2
1773,6,8,426532,57999,288008,110033,229102,0,173138,3,978,0,983,2
1774,6,13,472041,64671,440636,244927,271238,0,24179,1,1483,3,481,1
1775,3,8,3803868,168042,98909,290826,229098,0,482836,0,1321,3,151,1
1776,2,18,49360,17782,10945,264209,113899,3,367757,0,1109,3,825,2
1777,2,14,47857,17474,5498,266943,427005,1,493051,0,1506,3,242,1
1778,1,11,1728680,83488,74774,149880,378247,0,432831,0,1008,3,460,1
1779,8,7,2939037,128420,28195,268780,542927,1,173637,3,1285,3,850,2
1780,8,0,1598760,116159,42607,165073,397526,0,235200,3,4866,2,87,3
1781,1,8,1887576,59861,66332,252726,165508,3,404816,0,1317,3,206,1
1782,1,11,3897821,73227,61468,72403,174120,3,189401,3,972,0,828,2
1783,4,7,4034893,131564,134270,214337,419368,1,480732,0,4699,2,486,1
1784,3,19,3998714,133968,71434,261321,446616,1,483167,0,2327,1,724,0
1785,2,12,59567,15204,10935,65219,331567,0,417471,0,612,0,782,0
1786,5,12,8884412,905707,442051,207469,300380,0,340951,0,3024,1,595,0
1787,8,7,3335603,68814,42240,27694,517780,1,399413,0,2002,1,127,1
1788,3,6,4269529,135321,54946,200800,71258,3,259594,0,2890,1,158,1
1789,0,5,5469990,524146,319302,93833,126921,3,477952,0,3663,1,449,1
1790,4,10,5507563,176878,120119,154198,351740,0,457479,0,2772,1,908,2
1792,3,16,3863854,91407,87265,280099,152142,3,310610,0,3057,1,703,0
1793,2,13,24052,17977,9294,225093,136173,3,312758,0,2558,1,87,3
1794,0,14,4305052,536506,196414,97823,247978,0,470731,0,2745,1,550,0
1795,5,6,7837550,137363,475168,118765,377748,0,420896,0,4703,2,553,0
1796,4,1,6063963,203073,86117,28465,493691,1,342018,0,1423,3,370,1
1797,8,13,1876662,103334,135668,271810,368930,0,95431,2,4242,2,468,1
1798,5,7,9010166,823828,148148,276069,428858,1,244216,3,4810,2,446,1
1799,2,3,91906,29535,11095,183998,381757,0,458873,0,3063,1,650,0
1800,6,19,726781,88978,557048,55836,573809,1,267111,0,3296,1,155,1
1801,7,14,6925257,842700,596773,285539,71692,3,308835,0,4183,2,973,2
1802,0,12,3400316,646927,211927,189642,427665,1,282896,0,2852,1,346,1
1804,0,1,3575955,628699,132757,122192,508531,1,318841,0,4311,2,513,0
1805,1,12,2811553,88742,37171,175629,340239,0,368447,0,3080,1,383,1
1806,8,7,2629227,126935,68514,91445,503477,1,115618,3,3301,1,89,3
1807,0,7,4945507,680835,239679,71792,317790,0,236326,3,4246,2,879,2
1808,6,15,822850,93536,453182,256358,449829,1,190318,3,2441,1,420,1
1809,5,16,6926509,835400,213773,215584,579116,1,78704,2,721,0,654,0
1810,1,18,2844521,93885,63647,56165,241642,0,398064,0,2190,1,815,2
1811,3,7,4321676,119751,95095,230502,300386,0,177603,3,3123,1,213,1
1812,7,1,7610659,383847,513581,95983,87307,3,81872,2,3079,1,70,3
1813,8,2,2936376,77409,145506,69417,306778,0,234201,3,4636,2,512,0
1814,8,17,2821667,180702,70989,224323,139393,3,226914,3,4187,2,647,0
1815,2,4,88789,17165,10196,33300,406015,1,457702,0,835,0,136,1
1817,5,14,10896183,526298,453656,183904,433014,1,188637,3,2988,1,213,1
1818,0,15,4214257,588905,199709,167963,367414,0,464813,0,3939,1,101,1
1819,0,8,5075397,512983,185370,27383,186815,3,178808,3,4054,2,448,1
1820,1,3,2681076,69901,88918,176160,92218,3,242914,3,1931,3,868,2
1821,0,5,4071576,590164,246593,87572,504129,1,127476,3,4399,2,897,2
1822,6,1,920932,85189,164495,58144,500053,1,318975,0,3366,1,395,1
1823,8,16,3386325,189535,64196,40154,373785,0,322728,0,1052,3,95,3
1824,2,0,66728,21758,5543,121057,218763,0,136027,3,3181,1,408,1
1825,8,15,3311904,115661,76428,287865,420364,1,145587,3,3900,1,379,1
1826,3,14,4798506,145826,29550,106084,293377,0,159528,3,1174,3,848,2
1827,0,4,4010158,516827,138673,89303,76391,3,43369,2,4208,2,947,2
1828,6,16,342648,54759,324498,232137,359214,0,176766,3,2962,1,875,2
1829,3,11,4291847,92704,47413,51867,420585,1,226176,3,1672,3,86,3
1830,8,15,2642267,67263,85548,233002,78267,3,279409,0,2208,1,865,2
1831,7,19,5797391,804970,253595,265016,522129,1,164081,3,1381,3,66,3
1832,0,4,4978270,602331,291788,217367,406158,1,139165,3,1850,3,635,0
1833,2,8,96855,18044,11955,230249,85007,3,158203,3,1750,3,91,3
1834,3,14,4404029,148767,67682,298367,77065,3,106831,3,1986,3,285,1
1835,6,11,479407,85078,129018,149659,348361,0,63376,2,2048,1,735,0
1836,1,15,2576372,92244,52007,27810,443123,1,451195,0,1152,3,268,1
1837,7,2,6938159,779812,433864,243282,309420,0,456591,0,4443,2,810,2
1838,2,6,36475,29172,6529,207475,501345,1,480240,0,2166,1,766,0
1839,3,0,1749437,174190,43686,265472,596576,1,359394,0,1849,3,935,2
1840,1,15,3087477,87042,74883,212980,209793,0,292933,0,4770,2,684,0
1841,5,13,6751423,519393,637251,158193,97832,3,98913,2,2123,1,378,1
1842,1,11,3672506,62055,30563,160793,297409,0,305896,0,2519,1,635,0
1843,7,3,6324350,609707,189115,24942,525692,1,397081,0,1374,3,359,1
1844,2,10,42377,21765,9275,280326,225281,0,387170,0,544,0,368,1
1845,8,1,2463897,181813,46406,295009,406665,1,415810,0,4919,2,460,1
1846,8,1,1715339,58642,64235,130773,596942,1,225631,3,3396,1,983,2
1847,4,0,5929041,224657,130157,114991,224474,0,32785,2,2990,1,62,3
1848,3,11,4557895,87202,63003,272854,321058,0,354175,0,1614,3,132,1
1849,0,8,4642446,695232,347396,152668,117324,3,125389,3,691,0,610,0
1850,0,15,3419506,682767,161085,161879,118470,3,142079,3,4343,2,609,0
1851,3,16,2761242,198401,64061,298556,91450,3,364803,0,4147,2,509,0
1852,1,15,1987104,65053,73273,295971,509547,1,62117,2,653,0,877,2
1853,2,4,57793,18286,11719,66955,313266,0,370058,0,2960,1,766,0
1854,6,15,553354,96909,583309,275319,201286,0,218495,3,4605,2,538,0
1855,2,19,58890,27797,6121,210114,400810,1,52349,2,2070,1,347,1
1856,8,11,2393279,155221,127504,199408,161699,3,212066,3,1018,3,256,1
1857,5,4,9540263,624452,302841,181293,137046,3,318660,0,2133,1,826,2
1858,4,15,7877208,127878,94370,278737,308590,0,268199,0,1329,3,822,2
1859,1,2,3277139,55514,64036,232937,405409,1,279160,0,3496,1,515,0
1860,7,9,7387231,299641,237055,285919,418900,1,221761,3,3430,1,715,0
1861,7,2,6359175,412287,577284,240365,52938,2,497033,0,2329,1,172,1
1862,2,0,53618,19138,7563,264505,393084,0,476802,0,4084,2,787,0
1863,7,5,5850892,866882,308184,134744,86706,3,297083,0,568,0,363,1
1864,7,16,7949659,730125,145472,151643,323861,0,323732,0,4938,2,854,2
1865,1,17,2140988,59025,79998,104023,319716,0,435908,0,4219,2,194,1
1866,1,7,3581291,88153,54815,41361,77256,3,496281,0,620,0,146,1
1867,4,8,5508031,134712,107491,60885,497278,1,469350,0,1426,3,565,0
1868,1,17,3799412,64376,77783,230727,380013,0,44818,2,2671,1,365,1
1869,5,6,5744891,667469,249904,108639,113335,3,223828,3,1868,3,265,1
1870,4,13,4689211,106266,134769,54594,163915,3,209823,3,3786,1,752,0
1871,3,7,2948667,77886,39725,58155,402311,1,472638,0,3181,1,600,0
1872,8,5,2949425,69610,37426,187169,317907,0,174639,3,3746,1,643,0
1873,6,1,995340,74591,105736,62256,322421,0,113021,3,3873,1,426,1
1874,3,6,2933541,162735,55779,50306,315143,0,262417,0,4842,2,635,0
1875,4,8,5248605,249093,91981,169955,588144,1,36220,2,2833,1,861,2
1876,4,1,4703748,248450,73552,274299,114890,3,59608,2,2962,1,914,2
1877,6,9,374055,88725,76461,204960,286946,0,316548,0,4327,2,355,1
1878,6,11,276955,57692,516643,107675,293465,0,444637,0,1479,3,231,1
1879,7,8,8239985,684197,246508,146528,304606,0,451266,0,3702,1,700,0
1880,7,15,5211076,392667,230340,55799,425237,1,149599,3,1236,3,731,0
1881,1,3,2975304,55472,77017,120672,169496,3,498371,0,1294,3,190,1
1882,1,16,1715195,57044,55536,213857,178048,3,443886,0,1144,3,881,2
1883,3,18,3112577,116212,30458,138512,183167,3,78862,2,1555,3,830,2
1884,0,5,5551384,612276,251279,220052,116145,3,124163,3,890,0,630,0
1885,7,18,7880531,439026,337929,166149,261142,0,341980,0,514,0,723,0
1886,6,1,568342,94030,136504,197695,181592,3,213691,3,1661,3,813,2
1887,0,19,4318942,642318,153210,96314,318034,0,415929,0,2739,1,349,1
1888,4,16,6284102,228942,141697,180408,113789,3,382092,0,3437,1,187,1
1889,8,16,1680634,118313,44930,36084,256573,0,57118,2,838,0,125,1
1890,1,12,2448330,86791,41021,294417,416690,1,264717,0,892,0,384,1
1891,1,17,3643757,59000,86412,124703,399185,0,231287,3,4499,2,60,3
1892,2,7,95977,16247,6400,198096,586541,1,373994,0,2851,1,921,2
1893,3,16,3587101,128680,83886,284072,148367,3,76698,2,4106,2,993,2
1894,3,16,3168300,181664,57408,222589,99902,3,336504,0,3086,1,84,3
1895,8,4,2307053,186700,129019,73202,598599,1,57660,2,4056,2,106,1
1896,7,2,5186000,534339,508910,201271,567979,1,253661,0,1536,3,323,1
1898,3,10,3954328,129413,67225,145129,93766,3,479879,0,1111,3,416,1
1899,2,12,21435,25496,8117,150578,415385,1,267337,0,4910,2,501,0
1900,8,11,3402516,67286,149696,39489,538265,1,90249,2,3079,1,123,1
1901,2,9,33038,29159,7771,64121,334614,0,383693,0,3495,1,575,0
1902,7,15,5712535,281303,602087,139815,114207,3,200372,3,2692,1,861,2
1903,6,16,907773,96524,585971,24173,380966,0,385501,0,1552,3,493,1
1904,6,6,822167,85646,327257,153358,174628,3,491960,0,3407,1,747,0
1905,3,6,1735734,150525,60997,114134,289207,0,427688,0,4920,2,74,3
1906,1,3,2644869,87952,31037,209642,293367,0,431011,0,1328,3,439,1
1907,3,5,2924243,138153,33579,119879,407175,1,496502,0,3160,1,273,1
1908,0,12,5827616,607878,266181,230863,245324,0,409026,0,609,0,156,1
1909,8,9,3353485,57184,66602,191399,162544,3,301374,0,2353,1,888,2
1910,1,7,3627453,92624,42411,154345,212076,0,87392,2,751,0,418,1
1911,1,19,1622224,78568,53921,165293,596426,1,20899,1,2170,1,322,1
1912,4,6,4904601,224393,100120,54281,378724,0,365802,0,4772,2,965,2
1913,0,5,3934258,535538,141095,150835,333741,0,49982,2,558,0,926,2
1914,8,13,2669358,126908,74859,230410,172875,3,249988,3,2560,1,884,2
1915,6,0,808735,83997,453791,177820,264957,0,37841,2,3903,1,542,0
1916,2,15,36227,23629,10143,127010,153686,3,437574,0,4657,2,403,1
1917,3,5,3687042,122652,76757,214014,450218,1,309873,0,4474,2,725,0
1918,1,11,1722684,61629,60138,168735,423781,1,414460,0,1323,3,689,0
1919,4,3,3605312,126659,105771,173397,276331,0,386963,0,4417,2,838,2
1920,0,19,5160192,559953,355394,86527,497235,1,360356,0,1112,3,635,0
1921,6,10,535282,90805,541758,281947,217986,0,273242,0,1861,3,386,1
1922,1,13,2391999,90554,71053,117722,500322,1,61529,2,2166,1,595,0
1923,8,13,1902605,199220,136178,170229,554101,1,155430,3,1921,3,237,1
1924,7,10,8992234,399863,387460,276046,498717,1,248156,3,2058,1,352,1
1925,2,15,53188,18038,12290,287197,63698,3,189650,3,3797,1,73,3
1926,4,16,7914193,215234,91815,227535,202673,0,131678,3,1614,3,223,1
1927,7,4,8786067,699679,145234,145957,375661,0,415995,0,1085,3,549,0
1928,6,1,749893,73947,373925,209920,279332,0,359084,0,4621,2,603,0
1929,8,18,3076526,180952,45361,55012,596577,1,43248,2,3362,1,149,1
1930,8,13,2621836,59403,61996,192556,537191,1,127800,3,649,0,77,3
1931,0,10,4377358,519088,389129,261705,298118,0,118558,3,833,0,781,0
1932,8,12,1961742,54424,59552,167012,593678,1,351079,0,3774,1,764,0
1933,8,2,3372129,74572,96176,248577,360577,0,497211,0,1476,3,126,1
1934,2,7,60676,17988,5857,228067,326141,0,217422,3,3012,1,303,1
1935,7,7,5157114,664540,461227,141284,452297,1,41286,2,4761,2,348,1
1936,7,7,6748099,651000,318636,206408,457206,1,344456,0,4614,2,798,0
1937,5,8,6949878,974268,386362,230174,252368,0,307325,0,2298,1,630,0
1938,3,3,3544147,145423,35870,147584,517307,1,407634,0,1087,3,425,1
1939,1,4,2630288,87202,40729,196368,219263,0,222549,3,2485,1,528,0
1940,7,7,6555422,289587,382294,31569,274165,0,149715,3,748,0,308,1
1941,1,13,1546615,59036,32714,33089,77960,3,405816,0,2411,1,193,1
1942,2,12,65664,19443,8037,20820,54083,2,25293,1,744,0,638,0
1943,3,10,2683510,139299,83886,295671,539871,1,245637,3,4828,2,918,2
1944,0,2,4098714,504498,206317,292733,406845,1,499305,0,4995,2,235,1
1945,4,0,7027171,188288,147913,45511,307305,0,73453,2,1545,3,316,1
1946,4,3,3789579,236913,97269,208552,528324,1,35921,2,4956,2,567,0
1947,3,2,1820753,147243,61831,118134,289372,0,333364,0,1793,3,204,1
1948,4,0,4599503,209444,121575,152829,591389,1,114715,3,1172,3,403,1
1949,6,10,886273,66765,555560,195608,120092,3,345442,0,2323,1,438,1
1950,2,1,67798,20091,11640,36521,158693,3,107523,3,647,0,731,0
1951,3,1,4702021,75454,82120,155714,97180,3,105459,3,1800,3,539,0
1952,4,3,5086540,126575,142631,167522,361923,0,310775,0,3551,1,285,1
1953,5,0,9377889,401039,369943,90271,521850,1,236478,3,3919,1,644,0
1954,2,19,80761,20757,8375,262263,122649,3,217942,3,1324,3,794,0
1955,6,5,896188,57773,458311,122740,596452,1,35260,2,4192,2,539,0
1956,3,3,1717837,133008,72034,102354,551382,1,105906,3,3048,1,757,0
1957,8,5,2750746,82263,143055,30924,443945,1,254390,0,4686,2,87,3
1958,6,6,436991,86144,46993,174287,412304,1,117116,3,2300,1,870,2
1959,3,18,2726480,184374,39913,233654,146242,3,57298,2,2580,1,345,1
1960,3,4,4046539,158245,71064,171147,302291,0,190148,3,3214,1,475,1
1961,7,14,8605863,444845,337542,238726,252316,0,471415,0,4405,2,576,0
1962,0,13,3129329,598520,297229,30426,58488,2,386337,0,1172,3,167,1
1963,1,4,2585216,86212,90900,136824,62389,3,366989,0,4416,2,821,2
1964,3,10,1718936,84006,49724,165440,71126,3,299476,0,3418,1,621,0
1965,2,10,44497,17964,10508,193337,80697,3,230616,3,3348,1,455,1
1966,3,18,4433085,128033,83551,280079,259104,0,49349,2,1517,3,350,1
1967,7,9,5841274,426833,219442,204788,396673,0,59852,2,1411,3,486,1
1968,3,15,4295535,125875,87668,257337,95001,3,436421,0,2344,1,940,2
1969,6,4,552057,90656,59761,105270,183408,3,199976,3,3580,1,453,1
1971,2,14,42285,21509,8902,299922,373164,0,471054,0,4043,2,61,3
1972,3,16,2352943,80807,41118,201941,262082,0,140260,3,3783,1,858,2
1973,1,2,3034003,86058,46600,142070,357317,0,268534,0,1542,3,638,0
1974,3,18,3832054,157893,74997,81779,347033,0,251315,0,3540,1,154,1
1975,5,8,9277637,906872,88426,113228,463518,1,418061,0,3399,1,652,0
1976,1,6,3916133,93075,38243,192624,473277,1,31764,2,1197,3,165,1
1977,1,6,1710800,76651,71239,72113,536756,1,53278,2,4895,2,83,3
1978,4,15,4788120,226305,109745,266009,351992,0,398183,0,3706,1,214,1
1979,6,5,423853,59270,114389,231919,413834,1,305701,0,1755,3,77,3
1980,1,18,1737429,78682,48073,282657,389067,0,120955,3,2170,1,280,1
1981,2,11,71925,19566,6777,246737,293641,0,420172,0,2935,1,144,1
1982,6,12,656564,72967,161824,201927,240080,0,52590,2,1319,3,454,1
1983,8,15,2926273,118562,100619,169115,213057,0,466285,0,4475,2,594,0
1984,4,19,7357207,105781,106450,287119,575279,1,378775,0,3655,1,548,0
1985,8,4,2081401,91418,34959,297044,326136,0,157506,3,3131,1,152,1
1986,4,4,6626173,103089,148472,231327,357738,0,171828,3,4323,2,713,0
1987,2,11,64767,26178,7953,213332,197607,3,308288,0,2201,1,50,3
1989,1,13,3363436,83041,63226,80772,539146,1,334096,0,1883,3,434,1
1991,3,9,3880457,159738,93722,212454,282993,0,250427,0,1339,3,593,0
1992,8,13,3030426,117631,57966,139435,222752,0,42103,2,4948,2,880,2
1993,7,1,7721751,557469,133002,80040,588950,1,110327,3,2243,1,442,1
1994,1,1,1867421,68058,56757,176957,110719,3,216140,3,1705,3,378,1
1995,8,9,2528492,71821,143468,29058,50620,2,380687,0,3650,1,829,2
1996,8,8,2962477,68820,84022,59051,389903,0,182019,3,4096,2,168,1
1997,5,13,5579965,479070,306876,176266,201117,0,34527,2,3022,1,651,0
1998,7,3,6797597,333491,356637,221575,193788,3,120731,3,1063,3,582,0
1999,8,17,2503694,102708,121861,207763,512865,1,407876,0,2936,1,825,2
2000,1,13,2413368,88980,81238,225353,570734,1,300384,0,4066,2,985,2
2001,6,3,436059,57404,323140,149303,396993,0,337104,0,912,0,268,1
2002,4,3,4914315,105454,147091,274125,102391,3,380014,0,1455,3,399,1
2003,4,10,5363204,212383,75038,174827,304697,0,238321,3,1964,3,755,0
2004,4,13,5856210,240311,70623,34831,380091,0,109224,3,3846,1,404,1
2005,8,13,1500716,185335,118319,87257,152335,3,217085,3,2275,1,387,1
2006,3,12,3417763,116929,65486,275750,420648,1,232679,3,1080,3,780,0
2007,2,12,38177,28939,6991,149327,191535,3,33658,2,2425,1,60,3
2008,7,14,6284951,763169,440058,51624,408760,1,205770,3,1638,3,68,3
2009,2,10,24281,15292,8489,44796,450258,1,175296,3,1498,3,618,0
2011,0,9,4867275,586681,359955,169177,243273,0,398467,0,4656,2,331,1
2012,5,4,6756016,157537,163040,239164,424263,1,58080,2,1562,3,681,0
2013,7,19,6439379,812872,157813,149429,565166,1,191259,3,2913,1,404,1
2014,2,2,27781,20853,8887,149839,288503,0,484593,0,4111,2,916,2
2015,7,19,5604497,731834,272965,127275,528683,1,400924,0,4812,2,768,0
2016,4,7,6848209,235413,133942,271368,321566,0,247082,3,4841,2,449,1
2017,3,16,4803863,91850,56119,35789,419882,1,416668,0,793,0,571,0
2018,2,4,86676,19601,6056,241335,577104,1,215661,3,4290,2,557,0
2019,6,0,321979,62631,344443,70525,526347,1,463551,0,2945,1,489,1
2020,8,18,2771317,144535,144255,79198,597034,1,182454,3,3120,1,143,1
2021,0,9,4589816,703277,364897,224487,217699,0,403361,0,1760,3,636,0
2022,1,16,2813752,63191,40890,202987,542124,1,213729,3,3494,1,264,1
2023,5,10,10492531,619333,101038,235500,567597,1,482679,0,3078,1,115,1
2024,4,17,6346538,246338,145174,279552,493899,1,395492,0,584,0,361,1
2025,6,11,961854,56792,108205,278917,485400,1,215589,3,633,0,412,1
2026,2,3,25195,25365,12088,189260,456734,1,102647,3,3059,1,672,0
2027,6,7,771773,66570,501978,229788,589944,1,262418,0,3264,1,813,2
2028,1,11,2810359,74015,85061,108227,135451,3,392800,0,1760,3,401,1
2029,2,19,72669,23983,10502,34838,282853,0,190902,3,665,0,460,1
2030,4,2,4452639,115606,97649,280240,174473,3,348298,0,3892,1,183,1
2031,0,1,5539543,641321,119679,223334,451442,1,479852,0,801,0,196,1
2032,3,1,4918970,184523,73038,61568,376649,0,499303,0,2230,1,886,2
2033,6,2,567476,57803,92211,247743,426529,1,245278,3,3324,1,957,2
2034,3,3,2561708,100422,79756,163421,329132,0,436801,0,1872,3,450,1
2035,3,16,4157969,133750,26813,225318,128235,3,99484,2,1421,3,230,1
2036,0,19,4476405,633844,145328,233072,462682,1,206909,3,1079,3,803,2
2037,0,7,5429853,524315,229059,84453,383381,0,391250,0,3512,1,949,2
2038,4,2,7212772,105224,82655,30115,81827,3,307096,0,3594,1,969,2
2039,4,2,4416578,103021,77649,294010,66826,3,113745,3,3960,1,725,0
2040,8,2,3406406,150152,135244,58360,258118,0,52736,2,4346,2,238,1
2041,1,8,3344518,76812,92839,230863,473718,1,94071,2,3243,1,844,2
2042,2,0,66391,21892,7468,269360,285828,0,457095,0,1380,3,607,0
2043,1,0,3332894,91643,79434,212207,385757,0,223154,3,1100,3,238,1
2044,0,15,4284014,508736,216105,70535,231427,0,208415,3,1501,3,412,1
2045,6,0,273388,59320,326401,159195,123511,3,302622,0,3637,1,811,2
2047,5,8,11096510,495324,205677,216079,339850,0,431861,0,4016,2,92,3
2048,0,10,5927760,520582,163926,96160,155786,3,269228,0,3789,1,379,1
2049,1,4,2565190,86050,67777,57530,566439,1,222738,3,1101,3,807,2
2050,3,8,4929705,126010,64633,213702,381257,0,472181,0,3403,1,791,0
2051,2,5,74110,19246,8563,105298,295305,0,132246,3,1397,3,242,1
2052,7,15,5446107,758337,119318,30389,369353,0,76630,2,3568,1,338,1
2053,7,14,7433886,763564,202143,58501,385972,0,474847,0,2808,1,435,1
2054,8,10,3273113,99365,66949,68848,149851,3,64165,2,1251,3,76,3
2055,3,18,4550120,144553,99626,177633,402177,1,231739,3,2274,1,374,1
2056,0,7,3937419,652561,213297,51131,241663,0,126820,3,1223,3,877,2
2057,7,18,5779322,286195,328263,59664,218998,0,453063,0,738,0,600,0
2059,2,2,36790,23784,10780,200414,133853,3,351700,0,2902,1,768,0
2060,4,1,4540350,190650,131202,290000,178146,3,267309,0,1624,3,461,1
2061,1,1,1884202,75743,34744,294093,392491,0,242172,3,2274,1,852,2
2062,2,12,24049,22186,9401,44270,83757,3,404454,0,2032,1,658,0
2063,8,11,1649475,83220,71291,134229,544260,1,480200,0,1156,3,934,2
2064,1,6,1755675,56288,85155,255284,292052,0,164394,3,3468,1,885,2
2065,5,0,10532564,787860,430720,221122,285276,0,62132,2,1084,3,313,1
2066,2,3,23134,27375,12115,177579,246847,0,208638,3,4649,2,442,1
2067,4,19,7656360,231436,131741,176656,193765,3,383711,0,2228,1,595,0
2068,8,19,2611531,121233,131326,157220,78122,3,310736,0,1953,3,466,1
2070,2,7,32685,19556,10618,253562,531054,1,275016,0,1672,3,986,2
2071,3,4,2551743,143528,30211,180771,475798,1,76044,2,2303,1,365,1
2072,2,5,97387,19047,7571,140130,468141,1,275541,0,4494,2,831,2
2073,1,0,3352189,55389,86267,135075,373345,0,187517,3,2953,1,302,1
2074,7,8,5486532,380431,437675,81245,91476,3,411898,0,3651,1,217,1
2075,6,12,801898,51183,423456,235040,564506,1,279539,0,4777,2,181,1
2076,3,10,3113477,148579,26103,152668,429495,1,282817,0,2824,1,540,0
2077,6,10,724433,53887,309463,169925,396072,0,416630,0,3754,1,901,2
2078,0,6,4017341,584730,124478,123634,503669,1,112664,3,4459,2,509,0
2079,1,18,3969657,82452,82802,80504,368973,0,452556,0,2064,1,645,0
2080,1,10,2527190,57931,57883,233218,135623,3,133036,3,2321,1,647,0
2081,7,11,6762964,708062,420407,137439,108056,3,137053,3,3362,1,385,1
2082,6,4,557980,98209,396468,184059,577379,1,284766,0,2607,1,305,1
2083,6,15,813059,55963,97350,148283,507764,1,26288,1,1947,3,657,0
2084,8,2,3016914,158829,95532,238564,91768,3,253028,0,3308,1,207,1
2085,2,19,64813,20367,5410,272321,470554,1,170458,3,3111,1,573,0
2086,2,0,97284,26130,6238,28803,120491,3,389675,0,2608,1,880,2
2087,0,17,4163733,700198,239410,116509,573489,1,360368,0,3707,1,378,1
2088,5,6,6259793,603408,613432,124332,549856,1,244758,3,972,0,182,1
2089,7,16,5966356,373675,334282,180357,349752,0,239622,3,1612,3,889,2
2090,1,2,1884223,50323,44562,116255,409235,1,25748,1,893,0,171,1
2091,2,19,45818,16013,6751,298411,56373,2,267045,0,4115,2,418,1
2092,8,9,1667303,172164,144887,251753,589384,1,419720,0,2799,1,163,1
2093,3,10,2232132,166879,93502,25226,286139,0,493354,0,3953,1,961,2
2094,4,14,4986089,160874,132832,174848,177233,3,197827,3,2200,1,126,1
2095,3,12,1959687,149312,61780,102835,516545,1,228677,3,2526,1,270,1
2096,4,2,5124460,202584,87007,114306,346931,0,323124,0,3226,1,149,1
2097,7,5,5163522,669489,472761,200171,153836,3,34090,2,3260,1,842,2
2098,4,18,4377776,236873,111417,217759,507428,1,148740,3,4147,2,969,2
2099,4,13,5773282,115532,104444,241566,572602,1,389475,0,1068,3,586,0
2100,8,10,2092669,113168,119987,20042,256606,0,163834,3,2482,1,858,2
2101,2,13,40209,16891,10538,294208,585105,1,394014,0,3383,1,878,2
2102,2,17,39988,26234,5783,113054,67077,3,229614,3,1920,3,772,0
2103,0,9,3595835,524941,329924,163059,482726,1,223018,3,598,0,862,2
2104,2,8,50289,21245,7370,164402,155670,3,418585,0,1235,3,255,1
2105,1,10,3802372,52162,51534,86127,183526,3,433616,0,1404,3,374,1
2106,5,14,6408672,706384,288489,24239,289180,0,114916,3,4759,2,505,0
2107,2,19,17102,17274,6547,255765,179231,3,250288,0,4939,2,407,1
2108,6,17,564203,80561,577813,188980,428799,1,117764,3,1800,3,218,1
2109,2,11,84245,16376,10909,98893,494737,1,296439,0,2650,1,911,2
2110,5,9,5653059,101185,444832,125711,342042,0,379842,0,2112,1,535,0
2111,7,6,7492701,864658,330420,24594,580737,1,353503,0,3514,1,213,1
2112,7,2,5734319,512281,194836,142091,206370,0,23086,1,3028,1,363,1
2113,7,19,5519739,605355,517640,124689,411814,1,174460,3,2895,1,935,2
2114,1,1,3790248,78960,30183,264683,469158,1,283682,0,3949,1,427,1
2115,7,18,6205569,299592,506688,240032,418728,1,499677,0,2625,1,524,0
2116,2,15,87221,21000,6402,150479,57852,2,497066,0,720,0,947,2
2117,3,1,4750045,110945,28138,209413,287294,0,420787,0,2393,1,843,2
2119,6,8,562486,97423,173586,216279,369802,0,121753,3,624,0,783,0
2120,5,16,8624403,332646,110696,37376,318509,0,189362,3,1924,3,720,0
2121,2,2,97699,15124,10950,102090,471092,1,73912,2,4132,2,245,1
2122,7,5,7250065,596060,566802,30023,185599,3,445682,0,2083,1,918,2
2123,3,11,1756951,113890,50138,259653,158181,3,313838,0,4952,2,551,0
2124,7,14,5006282,305717,106150,91490,586894,1,195875,3,888,0,210,1
2125,2,9,73083,18622,9548,218837,252689,0,244597,3,3505,1,304,1
2126,5,2,11388827,165408,315000,291939,417085,1,266144,0,4792,2,116,1
2127,0,10,3613102,590082,136298,201882,510366,1,107399,3,2638,1,659,0
2128,8,18,1961174,58207,41619,202623,595609,1,30213,2,3489,1,672,0
2129,2,11,51995,29417,10792,165209,413735,1,425161,0,1746,3,130,1
2130,6,19,658919,87899,467392,25884,468103,1,446204,0,2626,1,898,2
2131,7,12,8053222,316310,474896,195266,177544,3,162877,3,1914,3,74,3
2132,1,11,3063838,64902,40664,27656,591725,1,439983,0,3440,1,907,2
2133,6,10,372444,56660,194571,47999,58280,2,328575,0,1116,3,484,1
2134,7,4,5006879,767420,325204,261091,202057,0,36381,2,4715,2,491,1
2135,7,4,7831989,581906,599129,38376,170815,3,93407,2,4652,2,213,1
2136,8,13,3332208,159975,97626,27428,269944,0,303823,0,596,0,957,2
2137,6,13,540025,91601,456197,204778,587145,1,126363,3,1639,3,477,1
2138,3,7,2114087,101434,51135,108051,61653,3,340109,0,4411,2,490,1
2139,7,9,5021970,797193,348274,169040,84716,3,203687,3,662,0,314,1
2140,0,2,5475107,525065,132551,277922,537833,1,447538,0,4233,2,487,1
2142,3,8,2609089,150909,79928,75197,230475,0,200256,3,3905,1,177,1
2143,2,8,49701,17090,8839,263210,517513,1,449704,0,3965,1,710,0
2144,8,3,2720508,199275,144351,128584,407667,1,112787,3,622,0,51,3
2145,7,12,7820132,262969,398409,147876,494320,1,53032,2,4580,2,808,2
2146,7,16,5375813,634121,202573,102227,124151,3,158624,3,3995,1,348,1
2147,8,9,3356662,181996,99315,277039,328012,0,479833,0,4599,2,624,0
2148,3,16,4366335,154043,64266,115219,250192,0,74663,2,1200,3,267,1
2149,1,18,3522040,85148,92261,74437,294364,0,359858,0,4230,2,878,2
2150,8,8,3436822,95365,120008,23624,179587,3,26049,1,4072,2,722,0
2151,3,16,1750857,107693,31532,169009,238155,0,232864,3,4698,2,598,0
2152,0,14,5490987,596674,138783,274045,482071,1,62204,2,3167,1,430,1
2153,7,0,5280357,329710,494793,298016,269861,0,333007,0,4301,2,783,0
2154,3,3,4240422,167250,90394,171577,175632,3,437458,0,4775,2,515,0
2155,3,12,3415930,122642,54092,37953,370172,0,22498,1,3693,1,687,0
2156,1,7,2803265,89395,55330,209192,242415,0,429264,0,3606,1,182,1
2157,7,7,7616716,601923,440416,239108,565428,1,24091,1,891,0,201,1
2158,2,18,81772,23818,10795,91955,219509,0,458639,0,1714,3,866,2
2159,6,12,300834,58553,491839,118612,480561,1,236343,3,4460,2,140,1
2160,2,9,26650,27566,10627,81821,564963,1,260784,0,4179,2,929,2
2161,7,14,7319447,664008,286521,173305,369492,0,62314,2,1923,3,994,2
2162,4,0,4642156,136457,126481,273219,438808,1,366915,0,3830,1,525,0
2163,2,18,43049,27845,10887,244680,557701,1,185416,3,1370,3,712,0
2164,1,0,2955935,62297,85787,267902,287166,0,319657,0,4443,2,109,1
2165,6,14,651409,83541,310985,258317,374433,0,39043,2,3756,1,865,2
2166,3,15,4959024,174538,38652,67434,108075,3,488150,0,875,0,84,3
2167,8,2,2031887,69911,97805,212396,530307,1,394552,0,3269,1,907,2
2168,4,6,6797765,122258,137788,112938,357951,0,210278,3,4836,2,626,0
2169,5,3,7957959,748779,149741,170823,86250,3,162724,3,2063,1,339,1
2170,8,6,1743789,158142,71774,296631,457001,1,201998,3,4487,2,504,0
2171,0,15,3164025,624620,352761,125210,593215,1,240575,3,683,0,336,1
2172,1,17,1702927,79437,93115,142180,221325,0,161892,3,1139,3,129,1
2173,6,12,910801,76154,538126,175833,351173,0,138981,3,1054,3,282,1
2174,0,19,5594829,591424,355305,255613,500646,1,184571,3,4268,2,93,3
2175,4,12,4341310,229554,82894,208088,111915,3,340666,0,3629,1,238,1
2176,3,16,2476863,86467,39678,197701,301167,0,31401,2,3696,1,476,1
2177,0,15,3702073,653851,379519,55322,230055,0,302665,0,1384,3,850,2
2178,2,5,90986,21755,6316,231788,221220,0,180372,3,2150,1,140,1
2179,4,7,7210480,112846,92166,160322,512733,1,472432,0,1738,3,382,1
2180,2,7,61078,22094,9526,113713,95843,3,300626,0,4932,2,184,1
2181,1,6,3679390,91851,37601,104442,380641,0,264472,0,3875,1,482,1
2182,8,9,2302193,118618,41118,97316,135683,3,423497,0,2779,1,191,1
2183,0,18,5645622,702373,223912,118521,389222,0,367755,0,763,0,592,0
2184,1,6,3761232,69235,50943,38718,482169,1,180646,3,1970,3,751,0
2185,0,5,5852493,549777,233066,183389,69225,3,55284,2,3346,1,281,1
2186,8,17,2807973,85556,39242,78050,77588,3,212895,3,4769,2,491,1
2187,0,13,3143683,612527,129046,79920,116305,3,105995,3,701,0,176,1
2188,4,16,6841067,248739,137693,179676,377135,0,398835,0,778,0,886,2
2189,8,14,2713522,179699,118131,59996,133076,3,73624,2,4316,2,604,0
2190,7,14,6472284,785411,597444,283802,445135,1,38506,2,1802,3,189,1
2191,4,0,6532018,157065,82170,157277,404376,1,495967,0,3394,1,424,1
2192,4,12,7868382,246280,110579,45260,583999,1,183634,3,2160,1,179,1
2193,8,12,1737017,82112,41530,162806,114224,3,378128,0,3102,1,688,0
2194,8,6,2399076,119051,115140,54264,129916,3,212436,3,4104,2,432,1
2195,3,5,1813905,76592,72255,271931,405756,1,255909,0,3301,1,839,2
2196,2,7,77245,22606,11651,184109,160545,3,273752,0,3569,1,931,2
2197,5,19,9480985,991051,619432,219527,574603,1,109986,3,3388,1,411,1
2198,3,18,2862935,110052,64118,229699,493561,1,164657,3,3441,1,908,2
2199,0,10,3083747,681328,184867,244614,244564,0,456209,0,2031,1,891,2
2200,8,9,2617364,159886,133700,155546,133489,3,487431,0,918,0,408,1
2201,7,7,8898903,575875,459290,211948,61496,3,458343,0,4537,2,162,1
2202,7,15,5808679,466820,513540,104580,356452,0,451968,0,959,0,240,1
2203,6,16,520444,84102,322292,29354,137122,3,335471,0,1025,3,565,0
2204,0,19,3480442,653946,367813,114521,565351,1,62059,2,1351,3,822,2
2205,3,9,2171894,198479,42384,243488,157413,3,330965,0,3863,1,899,2
2206,1,18,3991969,63948,76613,94035,531873,1,399675,0,1378,3,585,0
2207,5,2,11625820,578901,446884,96267,166332,3,60694,2,1262,3,215,1
2208,5,4,11808455,884516,377257,256013,556317,1,51004,2,3794,1,413,1
2209,8,5,2992404,197319,93833,129820,213522,0,353227,0,3993,1,474,1
2210,8,3,1570127,145111,37248,110490,468484,1,326562,0,855,0,185,1
2211,8,0,1903988,162387,55976,178366,343487,0,366222,0,3086,1,419,1
2212,0,8,4373290,639947,340996,48848,561294,1,395389,0,1623,3,224,1
2213,0,14,3506541,577309,385074,287749,507166,1,349152,0,4901,2,303,1
2214,8,4,2934556,61202,130040,107930,170087,3,21815,1,2869,1,391,1
2215,6,14,317672,62274,298514,126567,456604,1,313022,0,4763,2,673,0
2216,8,4,2586949,170869,134344,297566,205792,0,301261,0,3569,1,357,1
2217,8,10,2064843,152124,47293,116989,194039,3,125093,3,2924,1,373,1
2218,4,10,4369743,136065,91926,21500,254145,0,94860,2,4718,2,892,2
2219,0,6,3776381,626971,252856,228072,441348,1,146396,3,4609,2,714,0
2220,4,7,6992525,226591,129531,150199,142726,3,394503,0,4113,2,762,0
2221,5,18,11312824,843760,127932,139713,414910,1,399387,0,4099,2,73,3
2222,4,4,7476058,116378,76183,128619,222144,0,223688,3,4497,2,144,1
2223,4,9,7585250,179118,129074,66784,383711,0,413148,0,4515,2,705,0
2224,2,16,16352,26027,7420,251413,152090,3,251383,0,4427,2,430,1
2226,2,0,54756,30104,8889,164956,306574,0,248345,3,3697,1,218,1
2227,2,15,47913,29303,5763,250009,394106,0,35529,2,900,0,298,1
2229,2,10,53296,25372,10573,25602,475225,1,265855,0,4751,2,849,2
2230,8,15,3252057,87234,119263,269440,59215,2,386439,0,4392,2,83,3
2231,5,8,7029737,955657,339260,100760,264570,0,45383,2,3943,1,315,1
2232,8,4,1742880,81402,118541,296887,78226,3,93862,2,1139,3,709,0
2233,3,16,2489290,187618,34651,184961,524438,1,74953,2,2979,1,183,1
2234,4,17,4900786,121955,119814,288474,400562,1,208778,3,701,0,964,2
2235,6,2,957188,78214,479390,279089,259695,0,271603,0,2493,1,316,1
2236,4,0,5294477,127814,77075,25791,261717,0,140905,3,1970,3,202,1
2237,6,14,975366,59086,135899,218570,193885,3,68128,2,2861,1,74,3
2238,2,4,88858,30182,8989,125161,447763,1,473124,0,2237,1,951,2
2239,1,8,3140516,72871,71982,277846,313496,0,445541,0,1540,3,752,0
2241,4,18,6530827,195017,77494,289435,409420,1,205528,3,897,0,515,0
2242,8,9,3063899,81663,84434,219397,439138,1,494847,0,4927,2,748,0
2243,6,1,877873,53840,350213,59155,138638,3,448823,0,1596,3,741,0
2244,8,12,3303039,133737,133341,55412,86332,3,344087,0,1941,3,757,0
2245,6,9,586540,56758,59185,182013,583435,1,421456,0,1910,3,213,1
2246,5,0,7309256,598795,72844,20492,431145,1,348105,0,2161,1,580,0
2247,4,5,5685355,110607,102907,255324,374109,0,70809,2,1092,3,224,1
2248,4,2,4511998,190875,140102,203061,149559,3,385084,0,4933,2,410,1
2249,6,3,322308,52500,246727,105047,441827,1,122060,3,1006,3,954,2
2251,5,13,6309989,698164,580624,289580,507989,1,391093,0,3557,1,423,1
2252,6,5,519165,88955,414753,25353,168734,3,444720,0,4364,2,871,2
2253,6,18,793822,81274,185955,216408,201789,0,369822,0,1450,3,936,2
2254,8,12,1986183,81098,89790,291311,543117,1,128942,3,1738,3,106,1
2255,1,17,3236909,72151,76111,165250,382419,0,86558,2,4620,2,592,0
2256,3,1,4240967,103146,51801,25710,125734,3,80743,2,4508,2,319,1
2257,7,8,6753982,733014,196831,56454,279740,0,221697,3,4297,2,728,0
2258,0,13,4564621,674372,268615,284977,453767,1,56277,2,3631,1,785,0
2259,3,11,2090489,108537,56845,150099,58776,2,140159,3,4921,2,622,0
2260,8,1,2056638,104695,148694,227374,452057,1,112390,3,2755,1,625,0
2261,1,11,2490757,80964,47694,61159,311666,0,159728,3,2066,1,712,0
2262,8,17,2012166,195785,107678,101233,101815,3,318216,0,3887,1,782,0
2263,1,16,2395641,55062,81474,287016,458663,1,78969,2,4631,2,507,0
2264,3,11,2176498,165340,48491,25219,140782,3,78815,2,3791,1,481,1
2265,0,5,3547470,648231,374027,24542,118714,3,364187,0,980,0,292,1
2266,2,18,56752,26956,5308,225976,67144,3,356419,0,3419,1,864,2
2267,0,15,3298219,553277,392886,141714,91894,3,408645,0,3097,1,358,1
2268,2,6,15387,18538,6168,33582,496049,1,63943,2,529,0,499,1
2269,2,2,96241,17149,10723,271754,406958,1,425491,0,916,0,826,2
2270,2,13,58727,24031,11548,140708,141323,3,275415,0,1108,3,874,2
2271,4,7,7939577,213688,129801,228412,475724,1,233085,3,3262,1,426,1
2272,2,16,87329,25426,6066,189286,501513,1,91711,2,3974,1,754,0
2273,8,16,2737644,139502,133598,81763,217311,0,145088,3,3899,1,489,1
2274,6,10,863933,91977,511059,25922,344906,0,281046,0,4497,2,246,1
2275,6,4,892680,75540,321388,237235,576666,1,241100,3,1186,3,146,1
2276,8,15,2338366,167459,128850,159015,588394,1,255974,0,820,0,547,0
2277,1,3,3278590,64095,49505,55817,236333,0,367448,0,1272,3,950,2
2278,0,7,3604631,681257,360693,51388,110886,3,139738,3,2895,1,863,2
2279,4,11,4017978,152049,94175,180186,334877,0,160332,3,780,0,487,1
2280,4,11,5864266,158605,100014,225280,388701,0,102555,3,3941,1,850,2
2281,8,8,2432044,167762,58580,44043,400100,1,449505,0,2651,1,911,2
2282,0,17,4262480,541228,208166,164653,566563,1,322042,0,641,0,695,0
2283,1,18,2463477,51184,64682,199745,379343,0,353855,0,3567,1,255,1
2284,2,1,77557,17511,6253,98154,551854,1,487799,0,4509,2,407,1
2285,3,2,3589341,137921,46080,186548,391808,0,95605,2,2839,1,783,0
2286,2,7,77812,17150,10764,198422,219268,0,499380,0,4474,2,51,3
2287,7,1,6172826,818079,119726,84786,144790,3,173722,3,3857,1,53,3
2288,8,12,3427780,174421,148731,277637,487774,1,241622,3,2779,1,551,0
2289,1,16,2971368,92796,42511,282412,166797,3,161792,3,2616,1,687,0
2290,5,6,5754447,805827,266304,97132,188381,3,123792,3,3559,1,700,0
2291,1,2,1928312,81582,79689,159351,115373,3,70440,2,3470,1,594,0
2292,6,9,461171,85079,426087,111934,138515,3,45445,2,1830,3,819,2
2293,7,18,5161680,650472,397804,154223,496646,1,121895,3,4155,2,537,0
2294,2,8,58328,16310,9158,145976,253841,0,371818,0,2716,1,475,1
2295,0,8,5479412,691365,127122,232077,240984,0,370731,0,4755,2,841,2
2296,3,19,4779816,175315,50132,67208,529430,1,376912,0,745,0,618,0
2297,7,18,5238942,691669,130709,151989,213407,0,188533,3,1379,3,208,1
2298,6,1,688865,77848,297540,244855,223711,0,327394,0,2104,1,66,3
2299,4,12,7284913,123698,139089,298384,538583,1,88795,2,4890,2,162,1
2300,8,2,2852706,94364,34834,100663,166887,3,95208,2,3929,1,185,1
2301,1,0,1768751,64011,93597,299068,390847,0,491337,0,575,0,779,0
2302,6,16,644974,57420,556360,52664,427481,1,99303,2,2225,1,84,3
2303,7,4,5533585,550191,307803,251070,83837,3,282928,0,4002,2,972,2
2304,2,1,82777,19345,8696,32581,110751,3,489164,0,2922,1,206,1
2305,3,19,2025376,126254,88330,257938,109589,3,374222,0,1814,3,433,1
2306,8,2,3015933,126073,110293,62735,169387,3,134527,3,2665,1,672,0
2307,4,5,7707714,209998,110351,171957,274863,0,364324,0,1028,3,610,0
2308,8,13,2494458,127191,66615,253522,442685,1,114609,3,2317,1,838,2
2309,4,2,3913070,208137,71188,92600,376148,0,245943,3,2216,1,196,1
2310,1,0,2061490,72815,42349,91157,436246,1,189027,3,4814,2,163,1
2311,6,5,642717,82924,593063,265223,138470,3,344367,0,1646,3,472,1
2312,7,3,8988317,271613,350714,56156,96297,3,432172,0,1935,3,710,0
2313,0,3,4404050,627310,164189,89030,339697,0,122729,3,4630,2,269,1
2314,5,3,5700407,683319,408455,293026,459282,1,485827,0,1269,3,721,0
2315,1,17,3607269,60370,87299,242950,440070,1,125423,3,3553,1,298,1
2316,7,18,8597780,585423,248057,282343,91474,3,317312,0,4116,2,391,1
2317,8,3,2069517,132717,145579,274299,368445,0,308982,0,1673,3,556,0
2318,8,11,2003164,158754,102621,103939,56045,2,93482,2,4922,2,413,1
2319,0,4,4381957,540656,388539,48275,310415,0,293857,0,3891,1,680,0
2320,2,6,31772,22147,12099,36328,241062,0,343775,0,892,0,945,2
2321,3,19,2808158,181236,80806,285531,518690,1,239963,3,2057,1,92,3
2322,1,16,3192365,67974,38474,212873,596243,1,41768,2,2272,1,571,0
2323,1,4,3324312,74156,44352,208571,487800,1,263477,0,3165,1,848,2
2324,6,10,640156,90836,533015,77230,585337,1,206212,3,4749,2,873,2
2325,6,8,773913,60568,105544,160191,566851,1,32034,2,1236,3,834,2
2326,6,7,732072,92825,125581,250741,266670,0,153049,3,3758,1,248,1
2327,2,7,75831,18284,5630,252059,413112,1,64969,2,4832,2,703,0
2328,3,17,2794422,191884,40619,122694,358429,0,422138,0,4193,2,131,1
2329,2,1,89974,22860,10736,45631,448258,1,187854,3,4978,2,453,1
2330,7,18,7084274,789903,416947,112054,535140,1,375053,0,3218,1,375,1
2331,6,16,831871,90478,104146,109009,403257,1,350886,0,952,0,666,0
2332,0,13,3198484,539690,188898,59468,470134,1,201052,3,974,0,369,1
2333,8,9,3035594,139689,147332,207676,98551,3,45667,2,4744,2,63,3
2334,8,1,1830309,72590,39939,140008,332282,0,109501,3,4764,2,800,2
2335,8,13,2769827,146606,25866,220242,448682,1,128978,3,2327,1,975,2
2336,3,2,3920412,145708,49193,113049,318144,0,330961,0,610,0,129,1
2337,6,17,403995,78395,586181,116418,469948,1,359262,0,3259,1,205,1
2338,2,19,16714,18957,11169,299125,234219,0,232117,3,3907,1,627,0
2339,5,10,10828840,903267,384609,20503,594624,1,141273,3,1429,3,985,2
2340,3,2,3111703,125573,31065,90673,502027,1,223975,3,1030,3,655,0
2341,8,15,2496586,79299,104177,132185,317117,0,70031,2,2541,1,726,0
2342,7,1,8634093,658655,542359,99178,91293,3,252018,0,869,0,905,2
2343,8,11,2728782,100382,104660,127236,537779,1,227488,3,4843,2,578,0
2344,3,10,1689313,144837,98871,30482,157731,3,59248,2,1545,3,230,1
2345,7,10,6230384,787877,468794,251821,342119,0,376384,0,2661,1,398,1
2346,6,8,833554,61477,433337,166386,541415,1,302817,0,508,0,976,2
2347,1,8,3840601,70905,87316,84072,519538,1,234902,3,3512,1,247,1
2348,5,14,8278591,463569,418542,103666,481232,1,199705,3,2283,1,464,1
2349,0,10,3259886,561149,197929,134049,77963,3,69450,2,2611,1,995,2
2350,7,5,7358057,623032,134030,175249,480946,1,223243,3,1678,3,594,0
2351,8,14,3104579,71157,135973,127179,94564,3,92383,2,533,0,884,2
2352,0,16,3742268,585670,252839,67211,91795,3,272366,0,4916,2,712,0
2353,1,11,3678074,91755,49461,106280,145157,3,135166,3,1134,3,218,1
2354,5,15,11318441,576734,517732,145769,153477,3,374644,0,1130,3,315,1
2355,2,10,57739,18282,12164,21874,544775,1,106170,3,3235,1,385,1
2356,7,16,8984881,615870,132484,145160,277021,0,364911,0,678,0,356,1
2357,5,1,8972454,981476,474424,227139,383477,0,300565,0,4045,2,121,1
2358,6,0,272517,64293,502882,131863,364431,0,396791,0,2167,1,568,0
2359,6,14,351956,86320,80173,74262,415788,1,41852,2,2622,1,957,2
2360,6,5,532114,94389,324695,86997,322790,0,218080,3,3715,1,895,2
2361,8,2,2505730,62455,97497,166006,136009,3,368059,0,638,0,742,0
2362,3,17,3739336,173555,74779,229845,318374,0,55554,2,4613,2,738,0
2363,7,6,7365551,870222,400034,158014,133334,3,274174,0,3097,1,964,2
2364,1,6,3419774,86481,74175,121647,365911,0,319215,0,501,0,387,1
2365,4,2,3533715,155539,86451,40684,577513,1,225669,3,668,0,982,2
2366,6,8,807261,82418,358157,234555,192624,3,326959,0,3684,1,804,2
2367,7,7,8937348,805341,191641,297890,260010,0,415826,0,4975,2,307,1
2368,6,3,545453,84488,199552,158748,383713,0,45734,2,4806,2,597,0
2369,3,8,2171376,109140,95453,227685,509813,1,346310,0,1694,3,704,0
2370,3,3,2609531,139738,97097,68708,378587,0,96099,2,2594,1,636,0
2371,3,14,4583289,151607,38153,24580,452051,1,339027,0,3124,1,580,0
2372,6,1,273849,57163,432787,77186,287741,0,275582,0,4693,2,806,2
2373,7,17,5529962,294596,214034,203167,254930,0,77329,2,3035,1,121,1
2374,8,5,2294016,187771,99684,206390,190820,3,227637,3,4828,2,154,1
2375,5,8,8263181,601004,530400,286829,214361,0,168567,3,4143,2,698,0
2376,8,19,3306023,71240,89451,41763,134813,3,201663,3,1940,3,503,0
2377,6,17,865802,76180,134325,217787,233435,0,187740,3,2218,1,187,1
2378,8,3,2556598,140088,111023,61368,551098,1,81784,2,2581,1,843,2
2379,4,10,4044039,166136,92409,92246,451544,1,25770,1,4345,2,272,1
2380,4,19,6809878,165198,96851,281718,362371,0,480298,0,3903,1,789,0
2381,3,17,3175101,197260,41145,226075,549352,1,429926,0,2020,1,348,1
2382,1,9,2210349,81026,43273,295382,383644,0,71359,2,1881,3,665,0
2383,3,0,3708566,90006,91029,178373,574597,1,190295,3,721,0,718,0
2384,6,18,271861,91226,167660,234855,151875,3,26817,1,4243,2,788,0
2385,8,9,2394148,54418,35040,141898,274081,0,445021,0,1128,3,217,1
2386,3,16,3474678,192454,34700,35403,277418,0,460708,0,3685,1,455,1
2387,4,18,4958266,135676,148163,255393,596086,1,110095,3,1242,3,220,1
2388,0,9,4820382,569938,239150,275014,157448,3,254488,0,3991,1,279,1
2390,4,4,6449265,174503,98214,115367,584336,1,47739,2,1064,3,565,0
2391,3,0,3758108,77780,43457,66212,250375,0,205051,3,4133,2,559,0
2392,3,6,2500102,94955,67499,271549,219610,0,255728,0,594,0,151,1
2393,3,3,3940351,103471,84142,159800,571930,1,279108,0,1431,3,737,0
2394,2,5,43657,30046,11204,290495,582039,1,231964,3,1016,3,820,2
2395,7,12,7187603,337213,397316,141422,210272,0,175127,3,1321,3,682,0
2396,6,7,980719,65300,246288,165422,85080,3,336533,0,3913,1,483,1
2397,8,9,2021503,181257,146764,90413,63214,3,23649,1,905,0,384,1
2398,3,11,2831243,198817,57253,82362,157881,3,319749,0,528,0,592,0
2399,7,2,6461106,895842,430047,107556,221344,0,467777,0,4986,2,159,1
2400,6,5,655164,94897,363340,47800,80639,3,394065,0,4418,2,431,1
2401,2,0,81082,21121,11382,262584,98141,3,476467,0,3808,1,442,1
2402,6,19,761413,83024,449412,114005,416434,1,54334,2,4800,2,470,1
2403,2,3,39746,23798,8439,31939,268195,0,350029,0,4253,2,181,1
2405,3,0,4936529,164054,96670,243577,462020,1,216057,3,4749,2,435,1
2408,4,8,6690741,137676,149608,179642,548845,1,26487,1,1508,3,429,1
2409,7,6,8697236,747349,292367,29083,461169,1,493996,0,4081,2,486,1
2410,1,13,3510499,72341,48458,155004,297008,0,290269,0,3534,1,675,0
2411,5,8,7085400,647873,161574,293974,60709,3,480135,0,3746,1,748,0
2412,1,4,3151201,88131,52699,218892,217498,0,87026,2,1431,3,252,1
2413,7,13,8841869,312062,157033,124973,107896,3,87550,2,2023,1,828,2
2414,7,0,8925278,336087,511171,60512,334692,0,227106,3,1553,3,585,0
2415,3,10,1671906,152846,77951,261159,324416,0,366633,0,3896,1,298,1
2416,7,17,5930258,700426,419548,252232,318115,0,411049,0,4061,2,389,1
2417,6,11,921665,76236,395321,279311,286048,0,74323,2,3063,1,259,1
2418,7,4,5763983,767698,591434,21350,291498,0,25412,1,2966,1,530,0
2419,8,7,2268873,118289,81776,299466,396149,0,52123,2,4445,2,526,0
2420,3,16,1709657,98430,70070,24806,390628,0,460779,0,3987,1,792,0
2421,2,6,55416,16340,8545,280588,192378,3,314555,0,884,0,793,0
2422,4,14,4744416,167189,128868,42838,77322,3,429729,0,4048,2,177,1
2423,3,13,2009909,109236,89890,263297,69944,3,146654,3,4974,2,974,2
2424,1,14,3185637,84172,92949,79023,464146,1,221102,3,985,0,911,2
2425,7,12,5887839,356501,258452,85941,554365,1,118604,3,4857,2,118,1
2426,0,6,3364556,530992,243210,81700,425024,1,43293,2,2962,1,901,2
2427,0,15,4113523,683494,103638,96808,108594,3,478744,0,1871,3,542,0
2428,7,6,8495581,462643,283050,97528,365065,0,315949,0,1555,3,806,2
2429,6,9,506423,59651,61121,194845,420674,1,228766,3,2524,1,730,0
2430,4,18,5740789,107278,78352,171878,337731,0,217981,3,1532,3,137,1
2431,8,13,3457421,88821,119575,203035,341047,0,268098,0,1866,3,826,2
2432,4,3,4914591,105098,91627,101988,230486,0,90139,2,1369,3,262,1
2433,5,18,7694088,339816,446970,167406,172300,3,472482,0,2000,1,535,0
2434,0,8,5699995,666472,117381,128054,538089,1,117367,3,4181,2,537,0
2435,0,16,5126965,610065,388433,229448,284712,0,331840,0,1673,3,777,0
2436,2,10,65695,16804,9439,126483,321887,0,129130,3,2134,1,263,1
2437,1,7,2709006,55412,42093,270037,411477,1,182756,3,4885,2,864,2
2438,7,6,6455718,339275,271034,22439,328189,0,203236,3,654,0,795,0
2439,2,11,39777,15720,6594,219526,184360,3,491787,0,3367,1,419,1
2440,0,8,4150907,634969,135104,294135,85262,3,282443,0,1613,3,335,1
2441,1,11,2402506,69636,78858,175836,403911,1,418433,0,583,0,243,1
2442,3,5,2981038,175064,42747,186624,203066,0,411277,0,2759,1,654,0
2443,0,19,3350470,512911,258598,81446,161508,3,288256,0,3451,1,592,0
2444,6,7,568954,89633,136357,146233,526391,1,125897,3,864,0,341,1
2445,8,16,2872894,62067,107426,29503,321801,0,176966,3,3588,1,456,1
2446,6,13,477240,74365,561081,280731,60732,3,269479,0,571,0,275,1
2447,5,13,9384334,378908,488855,150395,391463,0,164528,3,2692,1,447,1
2449,1,12,3233554,58088,83758,268969,457861,1,205031,3,1047,3,334,1
2450,4,19,3886032,185621,97630,130447,152172,3,309792,0,4658,2,699,0
2451,0,8,4748130,552280,295270,149053,578420,1,407666,0,4126,2,614,0
2452,0,19,5232539,547198,148087,266708,456192,1,253430,0,4672,2,515,0
2453,2,14,92495,29966,8498,225799,182678,3,345611,0,3329,1,967,2
2454,4,8,5484924,206961,142769,143403,420917,1,238814,3,2502,1,806,2
2455,6,18,481084,75622,330236,161463,513996,1,128237,3,1652,3,766,0
2456,4,10,4566938,195260,98551,193673,181044,3,315311,0,2977,1,603,0
2457,1,14,2664920,72817,81068,241479,515134,1,263912,0,823,0,111,1
2458,4,4,6227492,199403,78893,148964,407563,1,38510,2,4775,2,271,1
2459,6,12,280151,86078,267586,68938,277181,0,332619,0,3214,1,771,0
2461,7,19,5467716,434513,245014,138024,521007,1,282893,0,2521,1,337,1
2463,0,7,4902341,698624,264949,293481,53534,2,268501,0,3132,1,786,0
2464,4,15,5465757,185781,75548,118492,451887,1,129471,3,3022,1,620,0
2465,3,10,3248486,97930,94484,135046,365325,0,267239,0,3664,1,107,1
2466,4,16,7092346,177226,72270,33476,473199,1,196274,3,2507,1,711,0
2467,8,13,1600198,98884,55649,164356,276016,0,33761,2,1087,3,739,0
2468,4,5,6391136,211410,82581,40845,194902,3,133223,3,1981,3,873,2
2469,1,11,2833555,89867,67598,174254,67386,3,401195,0,1123,3,776,0
2470,1,2,3115011,88746,36864,161850,510605,1,436027,0,611,0,746,0
2471,6,3,316644,91863,361491,211909,212550,0,208376,3,1785,3,115,1
2472,1,11,2851750,74283,33090,157302,111647,3,48984,2,4204,2,744,0
2473,8,11,2944045,162266,41886,135209,78703,3,188164,3,2928,1,188,1
2474,4,19,7645474,243823,101271,157631,271542,0,72518,2,4804,2,423,1
2475,2,7,68765,22099,6716,214925,423702,1,148729,3,3116,1,587,0
2477,6,16,427323,50372,379925,89468,596511,1,185691,3,3990,1,367,1
2478,4,10,7649615,176687,114088,169330,489541,1,456822,0,2044,1,611,0
2479,3,14,2277286,197174,44266,180257,63313,3,444953,0,4086,2,364,1
2480,8,12,3122632,168150,49747,241838,256915,0,447044,0,1402,3,536,0
2481,7,14,5542544,344041,207049,44188,216079,0,115691,3,4530,2,507,0
2482,0,12,5487146,683595,126575,235328,483577,1,393725,0,1286,3,647,0
2483,1,9,2212375,51890,71437,292601,549309,1,465558,0,1560,3,797,0
2486,0,19,5335698,659078,145985,123564,220738,0,352773,0,892,0,696,0
2487,0,16,3630130,563728,281593,57088,418085,1,105768,3,4104,2,128,1
2488,8,1,2412789,57987,86926,267772,397710,0,432844,0,2470,1,205,1
2489,8,9,2628041,186468,56691,124074,505637,1,211525,3,4960,2,475,1
2490,1,9,2481108,86450,78195,154856,185519,3,212212,3,2968,1,197,1
2491,3,17,1677488,163267,47351,57627,527564,1,84293,2,1553,3,51,3
2492,6,16,856359,50811,194521,200530,366836,0,85773,2,1847,3,197,1
2493,0,4,4395355,621043,389238,120951,301704,0,492553,0,3245,1,215,1
2494,0,4,3136122,525422,349649,119212,515387,1,168690,3,4260,2,897,2
2495,0,11,4820470,654969,291750,205317,451795,1,461486,0,1942,3,483,1
2496,6,14,605570,68540,517076,24192,108903,3,288136,0,2803,1,416,1
2497,1,15,2003960,94637,35184,181174,232026,0,431905,0,1496,3,690,0
2498,0,3,5121216,613662,336029,187825,271332,0,260894,0,2170,1,397,1
2499,2,13,29716,21392,10983,41129,330409,0,399812,0,1135,3,503,0
2500,5,12,7867276,176997,643160,214628,528489,1,480706,0,2464,1,294,1
2501,4,11,6810974,112982,116791,281115,86605,3,367971,0,4615,2,545,0
2502,3,3,4177809,88953,98382,162470,366426,0,337616,0,2939,1,530,0
2503,0,11,3566832,652182,249541,251498,180414,3,59708,2,2248,1,587,0
2504,6,3,987510,86527,372724,40215,317268,0,294966,0,3624,1,981,2
2505,5,2,11606695,124219,482245,154834,375251,0,119073,3,1969,3,994,2
2506,0,11,3143635,656743,228505,192716,389056,0,280729,0,2335,1,806,2
2507,4,16,7772690,222000,98356,26382,162898,3,286284,0,3744,1,211,1
2508,0,18,5682647,562844,179596,108882,56069,2,329991,0,4366,2,783,0
2509,1,15,3972408,68057,91745,44698,53938,2,334177,0,3676,1,660,0
2510,1,15,3214517,78252,46855,94296,364832,0,284255,0,1789,3,690,0
2511,5,12,11069080,220837,190986,286909,361475,0,72939,2,2978,1,855,2
2512,0,7,3735053,506887,139301,128734,260902,0,59435,2,1820,3,881,2
2513,0,2,5533203,543464,225239,76132,221354,0,285379,0,3910,1,347,1
2514,4,0,4601503,226791,144795,97663,258333,0,427757,0,4185,2,837,2
2515,7,10,5044862,829842,513825,147624,333668,0,204747,3,3086,1,367,1
2516,6,14,633712,76808,257900,223001,131443,3,89068,2,4581,2,957,2
2517,2,2,20697,22471,12055,200631,238029,0,52136,2,1585,3,840,2
2518,7,16,5781947,311807,183106,261751,372686,0,338012,0,4610,2,719,0
2519,3,7,1522124,148268,73345,204439,202005,0,66045,2,3809,1,730,0
2520,2,7,31585,25719,8671,83415,135378,3,457546,0,3268,1,523,0
2521,1,0,2375181,77157,66481,92152,536040,1,109158,3,3626,1,336,1
2522,1,16,3197848,60588,40955,112431,123403,3,336427,0,731,0,271,1
2523,8,1,2492400,170718,107564,160157,191648,3,323275,0,1711,3,679,0
2524,2,6,18811,28755,10995,198466,183376,3,254218,0,4147,2,946,2
2525,2,18,83946,29479,7274,163532,290439,0,99327,2,2808,1,918,2
2526,5,11,5813962,894715,234595,251371,528464,1,380265,0,4541,2,353,1
2527,4,1,4110425,182255,71421,167533,483177,1,319753,0,1812,3,317,1
2528,8,14,2285746,83699,122034,83849,458703,1,113538,3,3046,1,159,1
2529,8,19,3299818,92326,103183,260708,300563,0,69005,2,663,0,540,0
2530,1,12,3774253,51739,90690,220390,329224,0,89531,2,3574,1,373,1
2531,5,0,5867724,811319,160904,208519,410847,1,197199,3,666,0,483,1
2532,6,10,998286,71139,370825,245900,397297,0,190544,3,4634,2,593,0
2533,0,8,3323639,569550,401647,180959,181054,3,410669,0,2194,1,473,1
2534,1,8,3117967,90166,64529,160673,125741,3,377415,0,2611,1,297,1
2535,4,1,7896032,227768,107676,196128,591611,1,168453,3,2472,1,729,0
2536,8,5,2573522,165859,145396,166861,58931,2,467337,0,4229,2,943,2
2537,0,5,4524370,523442,178507,234998,315294,0,232817,3,2274,1,797,0
2538,3,17,2457296,76735,82753,57631,71324,3,230359,3,1489,3,923,2
2539,3,7,2657503,192933,75926,236452,359161,0,24446,1,1898,3,744,0
2540,8,2,2840600,95196,105961,152254,249209,0,139195,3,4147,2,579,0
2541,7,0,5313967,560002,519999,120105,150011,3,152313,3,3223,1,171,1
2542,5,11,10648344,752014,320785,39473,150338,3,452080,0,949,0,261,1
2543,2,10,67789,30384,10843,161747,527901,1,492368,0,4058,2,637,0
2544,6,6,523559,64116,182180,230986,582085,1,184383,3,1738,3,547,0
2545,7,17,5335432,814622,593478,132345,191134,3,194999,3,1487,3,977,2
2546,2,8,55343,23958,7535,293091,491150,1,480595,0,2703,1,727,0
2547,2,13,56473,26759,12325,133800,358645,0,74739,2,3904,1,709,0
2548,4,9,3783923,102853,147083,249692,259032,0,329274,0,597,0,257,1
2550,0,1,3256167,574240,327681,214226,289115,0,485561,0,636,0,378,1
2551,3,16,1905946,195059,60858,210438,562466,1,357029,0,1102,3,482,1
2552,6,12,614171,91609,75443,273736,401883,1,462797,0,4074,2,950,2
2553,6,0,835057,97557,472771,168056,261788,0,120303,3,1305,3,391,1
2554,7,16,8961407,258616,193600,35161,492516,1,275441,0,3191,1,52,3
2555,1,4,2430927,73134,44783,198464,119634,3,78234,2,3318,1,84,3
2556,2,13,97568,22976,9061,279889,105378,3,266697,0,1504,3,806,2
2557,8,1,3307175,55000,90189,94820,534758,1,212096,3,2263,1,150,1
2558,7,10,8053273,805807,417868,30968,83380,3,485377,0,3104,1,469,1
2559,0,13,5459627,678262,331774,203057,191370,3,431223,0,715,0,65,3
2560,6,6,550340,75665,375370,186114,561087,1,415317,0,4132,2,192,1
2561,6,17,655918,86467,559158,233762,467111,1,73174,2,1874,3,562,0
2562,2,11,45100,21251,7470,237417,511866,1,168716,3,4626,2,194,1
2563,2,19,49242,24638,7059,52169,585808,1,363677,0,2927,1,212,1
2564,7,2,8252236,276944,215831,146197,373787,0,340329,0,1727,3,819,2
2565,3,17,1671077,87679,52141,247093,403668,1,445405,0,3284,1,378,1
2566,1,8,2858562,87365,46112,250586,576962,1,36284,2,3778,1,573,0
2567,6,15,293611,76433,591996,134700,531140,1,220234,3,1864,3,630,0
2568,0,5,5572731,566373,171781,84056,146951,3,298994,0,1264,3,756,0
2569,7,3,6110671,584295,290197,244014,293203,0,390572,0,2565,1,538,0
2570,8,0,2351070,72341,114734,23853,258032,0,365075,0,1191,3,267,1
2571,2,7,32201,19417,5830,217979,553827,1,166404,3,929,0,944,2
2572,2,5,37073,30126,10075,80472,199954,3,343494,0,1268,3,220,1
2574,4,1,7806802,151569,97864,133417,589616,1,423508,0,3641,1,881,2
2575,5,7,10092848,298159,331574,231283,530019,1,51830,2,4323,2,440,1
2576,3,6,2005117,124559,72690,191171,225952,0,111772,3,3772,1,56,3
2577,1,8,2346917,60633,55496,144661,494147,1,171824,3,679,0,727,0
2578,6,16,741371,65425,299903,294593,147612,3,322191,0,2765,1,869,2
2579,0,16,5826748,548423,328489,219624,329985,0,36196,2,945,0,970,2
2580,3,7,3136403,113869,27077,124299,120117,3,310967,0,2810,1,428,1
2581,6,0,631987,64247,53239,75133,72705,3,135840,3,1703,3,734,0
2582,2,1,71917,18279,11705,150914,156790,3,250593,0,4913,2,954,2
2583,8,18,2058618,150014,51220,64022,513501,1,71016,2,3400,1,256,1
2584,4,10,3853713,117859,75453,107457,206628,0,210435,3,3653,1,546,0
2585,0,9,4798160,578497,396089,194109,299505,0,181331,3,661,0,390,1
2586,7,12,7615861,562457,575795,79347,507493,1,343772,0,3580,1,357,1
2588,2,1,65355,24490,9298,159537,230427,0,308582,0,1309,3,427,1
2589,7,8,5582936,844609,427368,92318,354826,0,275401,0,4404,2,273,1
2590,8,15,1945248,88210,92495,274257,401854,1,376755,0,4151,2,880,2
2591,4,12,3551927,142588,129491,59409,469181,1,59675,2,4135,2,797,0
2592,4,14,6814557,179166,140292,61666,407778,1,367816,0,1055,3,757,0
2593,6,1,725761,68341,382686,105048,514119,1,345135,0,4642,2,909,2
2594,6,15,599100,83312,252935,154903,338489,0,78183,2,2052,1,703,0
2595,3,15,2540504,160694,40183,193621,270749,0,251739,0,3720,1,638,0
2596,3,11,4133033,167047,67273,241503,582608,1,268558,0,4630,2,773,0
2597,7,4,7415461,677767,158045,233353,528139,1,114699,3,500,0,552,0
2598,6,8,954859,74992,176623,253439,67216,3,329835,0,2127,1,150,1
2600,0,3,5214760,582877,298193,66444,305609,0,56810,2,2441,1,784,0
2602,1,11,1609037,87697,41250,145268,447407,1,167371,3,909,0,67,3
2603,3,9,3638401,133873,83621,137866,187678,3,34691,2,1267,3,490,1
2604,1,10,3120853,58284,66167,268807,270540,0,170399,3,1486,3,359,1
2605,7,7,5785837,506601,549595,257615,170961,3,266918,0,1763,3,163,1
2606,4,3,4236100,111074,108207,148357,471283,1,244638,3,835,0,698,0
2607,2,7,47589,19077,7276,260008,89441,3,381637,0,4772,2,534,0
2608,3,7,2977364,91278,76760,31355,217916,0,194549,3,2345,1,677,0
2609,3,0,1700945,76604,90397,254702,166303,3,335688,0,3629,1,601,0
2612,2,18,30624,29415,10407,33017,550694,1,481210,0,2497,1,888,2
2613,1,16,2051761,89253,83158,234035,509748,1,195001,3,1425,3,863,2
2614,3,8,1907026,97647,63388,200527,494842,1,54055,2,1115,3,807,2
2615,8,5,1658939,193710,127849,67377,472387,1,46611,2,3492,1,279,1
2616,8,15,2073448,117183,146780,59243,120086,3,81902,2,4812,2,353,1
2617,6,9,976431,58402,538585,205635,153077,3,283696,0,3942,1,413,1
2618,3,0,2262452,91954,91605,83246,456082,1,244092,3,2276,1,844,2
2619,1,17,1783563,63598,63697,49401,528921,1,485860,0,4822,2,509,0
2620,8,19,3135603,181711,124172,217204,206662,0,431393,0,684,0,340,1
2621,2,19,26360,19408,11749,279608,336803,0,186819,3,1919,3,768,0
2622,7,10,5691539,847315,377039,262859,323468,0,480114,0,4612,2,807,2
2623,3,11,1727440,101593,63605,277264,332805,0,476540,0,2421,1,554,0
2624,8,0,3017459,122659,47030,158688,146509,3,403004,0,4521,2,915,2
2625,1,16,2637495,52183,36696,246509,252701,0,358980,0,3139,1,905,2
2626,8,5,2880339,75060,74262,46547,416448,1,352090,0,907,0,356,1
2627,6,18,633129,73201,378330,234831,472507,1,163226,3,3084,1,360,1
2628,4,9,5566078,243220,91172,269322,434816,1,244873,3,3676,1,753,0
2629,7,9,5461437,594580,195893,67479,415965,1,310212,0,2060,1,199,1
2630,8,6,2619017,51956,29032,55527,458811,1,156137,3,2132,1,429,1
2632,8,14,3145718,169801,99862,272278,353728,0,253052,0,4538,2,188,1
2633,2,16,93825,26407,11378,108564,134975,3,497844,0,589,0,796,0
2634,7,10,5665877,811619,208244,124546,165983,3,59791,2,1228,3,237,1
2635,6,10,779385,97761,372324,259805,252839,0,315662,0,3861,1,725,0
2636,1,6,2061955,53154,33303,298552,519128,1,385469,0,2770,1,519,0
2637,8,6,1784921,135470,143110,191608,405940,1,169516,3,3641,1,225,1
2638,0,13,5293027,606462,359012,70642,484006,1,270154,0,3091,1,130,1
2640,5,5,6094128,163504,348830,110971,429160,1,54529,2,1910,3,332,1
2641,4,19,3509356,239633,148201,22951,398050,0,252354,0,1277,3,869,2
2642,2,2,42097,18392,6598,43091,117574,3,90933,2,1687,3,272,1
2643,4,5,5558409,179752,106160,152376,259142,0,144294,3,4962,2,436,1
2644,3,17,4819716,144952,42813,58725,588897,1,314254,0,3644,1,341,1
2645,2,15,51120,24527,8598,112117,330752,0,430697,0,706,0,516,0
2646,5,16,11922096,328618,581680,289862,563798,1,195384,3,1966,3,184,1
2647,8,18,3040316,120130,40158,193920,257291,0,171117,3,1252,3,614,0
2648,3,12,3095137,143901,42024,37160,538675,1,364097,0,2897,1,564,0
2649,4,9,5082953,222364,105748,63875,467700,1,95390,2,3501,1,184,1
2650,7,13,5446544,258541,106115,171082,362828,0,430671,0,4422,2,909,2
2651,0,7,3070777,543341,373412,263724,418454,1,91099,2,1293,3,617,0
2652,3,17,3006266,183702,70474,94066,448382,1,22347,1,3343,1,154,1
2653,3,1,3381006,163654,73681,52823,390001,0,46379,2,1154,3,545,0
2654,3,9,4471317,133085,49210,215092,78237,3,334282,0,1959,3,113,1
2655,6,16,391151,55213,488655,280546,580778,1,37906,2,2604,1,541,0
2656,1,15,2980609,84874,94349,112259,412260,1,364540,0,1103,3,455,1
2658,8,1,2652383,170441,149217,61144,184381,3,57310,2,4830,2,796,0
2661,0,0,5763773,598422,247998,245375,137713,3,304325,0,3615,1,784,0
2662,7,14,8506607,891558,357518,299877,326294,0,353019,0,3702,1,93,3
2663,5,15,8176101,195258,414708,103925,544344,1,118768,3,1006,3,202,1
2664,4,14,6946068,107994,73365,181594,356091,0,326630,0,1404,3,419,1
2665,2,7,17939,25547,11924,46734,309465,0,460232,0,3377,1,741,0
2666,7,11,7785860,281163,569392,222016,425135,1,25627,1,747,0,880,2
2667,0,11,3566537,541468,299462,95337,274681,0,346216,0,3123,1,262,1
2668,7,13,8928293,528060,132269,121244,150836,3,424264,0,4147,2,491,1
2669,6,4,382720,64500,111103,112784,592858,1,324635,0,2448,1,172,1
2670,0,1,4756787,535875,380753,36575,531736,1,407505,0,4415,2,349,1
2671,7,14,7283788,581392,572236,267375,410025,1,181281,3,756,0,897,2
2672,1,6,3033251,84570,40683,183648,462811,1,32158,2,1658,3,326,1
2673,2,8,54737,18100,6563,179708,191695,3,23432,1,1142,3,310,1
2674,8,12,1989647,158302,42211,20304,296126,0,235302,3,2201,1,690,0
2675,2,2,85031,18336,8058,41581,431435,1,463452,0,2654,1,957,2
2676,0,5,3589141,653343,352573,86799,227201,0,331408,0,4884,2,259,1
2677,2,1,27464,27694,7562,46676,356084,0,246535,3,2982,1,986,2
2678,0,3,5072069,536104,226838,182990,212474,0,32971,2,2139,1,921,2
2679,1,14,1861004,74441,58016,200902,186337,3,408683,0,4761,2,804,2
2680,7,6,7371360,802486,220510,138791,242911,0,171017,3,2884,1,332,1
2681,7,18,7095698,804817,175466,212009,239718,0,274442,0,4484,2,313,1
2682,6,7,863200,71722,299311,102829,463309,1,345312,0,4922,2,874,2
2683,0,15,3213874,566856,165416,244856,586648,1,390194,0,3824,1,736,0
2684,2,15,41024,28284,8609,163954,186549,3,191640,3,4873,2,231,1
2685,4,16,3678770,249281,95321,71189,407932,1,486864,0,2531,1,802,2
2686,5,16,11411271,619865,302967,183344,382134,0,476620,0,2902,1,376,1
2687,8,6,1796166,150540,54632,217605,380465,0,340662,0,4945,2,627,0
2688,0,10,3147395,544516,389077,159091,170794,3,142435,3,2402,1,511,0
2689,2,2,15321,15255,11033,277867,244483,0,278990,0,4493,2,651,0
2690,8,3,2105244,148752,90505,128281,131504,3,419945,0,3098,1,718,0
2691,1,6,2112292,52237,37023,178596,560938,1,432373,0,4669,2,888,2
2692,7,14,6784563,315814,476928,154568,79770,3,196755,3,4226,2,973,2
2693,0,15,4813173,662544,273348,291251,334998,0,109864,3,1582,3,111,1
2694,6,13,461403,63343,495063,223106,593470,1,308631,0,3746,1,363,1
2695,1,6,1760260,85195,38686,34182,314894,0,148121,3,4437,2,858,2
2696,0,16,4976582,630353,392423,293788,181505,3,169572,3,2946,1,318,1
2697,6,4,726388,83369,562443,121715,123373,3,255470,0,3644,1,713,0
2698,2,18,22672,20615,10920,158485,452646,1,89353,2,3206,1,684,0
2699,7,9,8781782,414635,575688,264449,533597,1,86516,2,1510,3,877,2
2700,1,0,1851073,84188,73408,234765,393311,0,131672,3,3462,1,662,0
2701,2,19,42950,16170,5309,258678,385016,0,117713,3,4776,2,121,1
2702,8,14,2556013,160058,121391,298254,539593,1,363068,0,4898,2,607,0
2703,5,9,10678853,794087,285992,191004,333387,0,58648,2,4930,2,609,0
2705,3,17,4089188,108519,81177,224492,140432,3,267680,0,4076,2,211,1
2706,3,6,3819854,131817,33682,121744,381054,0,209606,3,3273,1,139,1
2707,6,10,589481,91880,494912,117621,230998,0,86388,2,3784,1,889,2
2708,0,2,5848544,547198,132111,71635,110091,3,175620,3,690,0,516,0
2709,1,14,2149731,86473,53646,237838,192365,3,204620,3,4959,2,606,0
2710,0,2,5138165,598456,189255,196872,256087,0,85079,2,2739,1,667,0
2711,4,2,6869679,201457,96492,49809,413201,1,348852,0,577,0,591,0
2712,1,12,2902070,59975,72361,74326,98640,3,343495,0,520,0,978,2
2713,8,3,3123201,74500,93606,69778,115584,3,200483,3,1961,3,342,1
2714,0,19,5598308,696846,319582,126993,422566,1,349178,0,1578,3,241,1
2715,6,12,735196,54771,407432,162651,416210,1,361764,0,1066,3,190,1
2716,8,9,2860755,91615,98712,183553,98796,3,144993,3,3107,1,920,2
2717,4,8,5052557,160090,103289,263347,261410,0,350664,0,3597,1,68,3
2718,3,9,4233685,130183,33294,103677,124263,3,368266,0,3889,1,858,2
2719,2,18,83263,18944,11341,283027,559667,1,464018,0,1129,3,801,2
2720,1,0,1688370,68224,60689,287735,179474,3,102383,3,3278,1,560,0
2721,1,9,2407325,61727,39320,22971,114673,3,159861,3,2279,1,290,1
2722,2,8,52841,21258,9588,197887,326324,0,448802,0,3808,1,308,1
2723,3,8,3248199,95996,82549,287526,228877,0,112151,3,1148,3,549,0
2724,2,6,98608,25832,8506,95009,225246,0,431566,0,2521,1,857,2
2725,5,4,5737613,900996,482133,185290,233963,0,419277,0,4021,2,990,2
2726,6,19,638438,67750,598285,38411,597807,1,62701,2,3375,1,626,0
2727,2,10,33276,24193,5256,159408,208980,0,495643,0,3787,1,581,0
2728,0,7,4299080,685239,223455,139536,446694,1,175340,3,4677,2,954,2
2729,2,12,95825,29108,11230,216277,287688,0,170666,3,2299,1,389,1
2730,3,5,1705277,120190,98848,114772,312596,0,103945,3,1856,3,625,0
2731,7,14,6291782,432493,117748,169596,549006,1,492168,0,1519,3,840,2
2732,1,5,3715454,62461,40543,283231,274249,0,341994,0,3956,1,280,1
2733,7,19,5011884,853870,591775,106399,214679,0,275443,0,4895,2,616,0
2734,1,18,3451434,59370,53330,242635,51698,2,183650,3,2316,1,160,1
2735,7,3,7564643,873311,198145,51096,212860,0,176885,3,2636,1,894,2
2736,8,13,2498190,58184,102052,164451,274921,0,79375,2,3882,1,381,1
2737,5,11,11928770,168191,165746,44290,227042,0,324886,0,754,0,976,2
2738,3,7,4581825,134721,48094,280268,554350,1,340444,0,1332,3,517,0
2739,3,3,4066771,178547,45324,253292,57133,2,97632,2,1606,3,408,1
2740,0,7,3699757,598613,269757,176930,270323,0,131529,3,1604,3,262,1
2741,2,7,62102,21780,7815,233279,311566,0,364308,0,3494,1,196,1
2742,7,1,5919947,574943,148338,86004,468582,1,408387,0,2332,1,700,0
2743,0,9,5389553,686444,110704,130069,530314,1,169477,3,4686,2,867,2
2744,8,12,1596746,91177,60089,170927,154632,3,160421,3,1299,3,325,1
2745,0,2,4639428,691432,299195,24869,268460,0,439687,0,3481,1,525,0
2746,5,13,10361837,682303,377066,38357,423700,1,257827,0,1717,3,918,2
2747,6,12,538706,78935,198403,85165,452526,1,205451,3,2688,1,820,2
2748,7,13,5571594,562671,256755,118969,565933,1,482685,0,2666,1,194,1
2749,7,10,7412739,356051,399092,120139,560808,1,459381,0,4403,2,66,3
2750,2,15,46252,26483,8104,258039,531239,1,143608,3,626,0,118,1
2751,4,13,4985002,164998,101148,79503,235342,0,106763,3,4702,2,608,0
2752,4,8,7999189,147032,133097,258719,113041,3,287669,0,1961,3,868,2
2753,0,17,5555358,692674,236729,72798,158555,3,139887,3,3717,1,226,1
2754,6,19,479485,73253,125857,184660,397063,0,159840,3,720,0,979,2
2755,6,7,806534,61320,300137,41316,531102,1,492129,0,4007,2,208,1
2756,6,3,727747,65345,322718,21476,364793,0,60740,2,1939,3,283,1
2757,8,3,3013734,75966,32659,200995,240414,0,489178,0,638,0,429,1
2758,4,18,4141757,189361,142757,205845,147829,3,314307,0,4810,2,821,2
2759,0,4,3894176,537877,386502,70312,318275,0,293797,0,4084,2,62,3
2760,5,3,6272949,641793,117740,185393,445619,1,360730,0,3833,1,350,1
2761,3,9,3526378,78622,96511,21353,499901,1,426524,0,933,0,391,1
2762,2,14,71105,28020,7798,194132,58684,2,307397,0,2397,1,528,0
2763,5,0,9646228,895721,251994,62230,150350,3,205864,3,3336,1,256,1
2764,8,2,2140585,57577,82085,260744,73366,3,439823,0,3416,1,857,2
2765,6,18,706058,95822,527004,184748,185201,3,467553,0,4734,2,835,2
2766,6,7,613588,99202,230975,165097,133514,3,486965,0,955,0,747,0
2767,1,11,2728404,53808,64316,235939,312519,0,242455,3,3543,1,379,1
2768,7,7,6253028,407616,344553,49793,347634,0,178260,3,1110,3,877,2
2769,5,19,10754970,728588,169970,160143,550600,1,341217,0,4828,2,312,1
2770,2,7,28867,22456,11216,160028,421243,1,144107,3,3772,1,236,1
2771,1,15,1513311,80548,56409,159624,197614,3,482671,0,4461,2,535,0
2772,7,1,7907760,741690,467352,149316,289184,0,377410,0,806,0,114,1
2773,8,11,2493927,149143,71575,273108,241387,0,245252,3,1852,3,51,3
2774,4,16,6796964,120494,132106,60472,113585,3,199259,3,771,0,948,2
2775,4,1,7420659,228871,76538,255074,221720,0,198989,3,4351,2,861,2
2776,1,1,1760393,83032,72273,78520,502275,1,377961,0,3533,1,538,0
2777,2,13,50818,29660,5974,158247,367654,0,209413,3,3545,1,290,1
2778,7,16,8746645,343314,335722,257329,563335,1,37572,2,1289,3,94,3
2779,3,10,1941541,95649,57452,56683,252885,0,331901,0,4893,2,160,1
2780,2,9,90908,24731,6017,191366,129917,3,464255,0,796,0,289,1
2781,4,11,3622799,185166,143511,231820,102746,3,162579,3,1366,3,861,2
2782,1,14,2475217,57839,90485,239711,526884,1,267921,0,3737,1,213,1
2783,7,15,8970346,858447,602961,208476,207117,0,359286,0,577,0,516,0
2784,2,3,74363,18592,12374,279271,121372,3,126307,3,860,0,549,0
2785,8,18,1500702,98199,49379,248671,514490,1,481179,0,2287,1,486,1
2786,1,19,3744223,89078,85918,162086,62558,3,482916,0,3465,1,511,0
2787,7,6,5025736,314257,591485,245810,526418,1,88126,2,2986,1,71,3
2788,7,2,6916106,429515,511398,206915,393803,0,141332,3,1345,3,678,0
2789,7,13,7663465,805345,354372,80705,386062,0,267069,0,1359,3,815,2
2790,2,14,21356,21408,11724,173531,54789,2,314549,0,2483,1,963,2
2791,6,2,883036,98732,198030,23246,215031,0,280343,0,3304,1,461,1
2792,4,19,4371159,176538,80293,152449,278336,0,327671,0,3520,1,584,0
2793,6,14,623541,62042,478444,90058,413578,1,356416,0,4125,2,109,1
2794,4,17,6277219,210005,95447,105591,374190,0,463837,0,2616,1,66,3
2795,7,8,6292113,276962,454616,83781,463669,1,36734,2,2872,1,718,0
2796,3,10,3676496,156766,57294,241254,239129,0,88715,2,1620,3,157,1
2797,2,13,75898,18231,9520,85496,320400,0,189921,3,1031,3,975,2
2798,8,17,2527035,52750,65336,142853,398292,0,356497,0,940,0,649,0
2799,2,9,94092,21193,7500,200225,54755,2,186365,3,4709,2,128,1
2800,3,9,2145846,79539,36110,203909,129353,3,178561,3,4303,2,150,1
2801,1,4,3129538,89422,35118,202337,260061,0,411742,0,3049,1,594,0
2802,1,11,1882324,74184,45662,284789,196839,3,58276,2,1636,3,392,1
2803,1,7,1886178,90956,62700,74002,136056,3,124923,3,1015,3,116,1
2804,3,12,3803961,163492,96893,164802,300844,0,79872,2,4256,2,778,0
2805,1,10,3855270,60890,34153,205529,323007,0,269999,0,2327,1,173,1
2806,2,2,76234,27102,7203,269427,281440,0,332642,0,2504,1,597,0
2807,8,11,3159387,143320,91328,114706,459452,1,198043,3,3210,1,406,1
2808,5,14,6832865,551309,130274,92341,201678,0,135493,3,4302,2,977,2
2809,8,9,3122797,184804,121878,190179,472850,1,35461,2,3412,1,775,0
2810,4,0,5465418,168199,108834,165353,250244,0,251594,0,4360,2,177,1
2811,2,0,60061,25301,6642,171815,495798,1,325094,0,4669,2,289,1
2812,3,14,1508613,198252,31614,192353,524861,1,424535,0,4537,2,478,1
2813,3,13,4131838,103716,63315,175658,66425,3,360720,0,3073,1,645,0
2814,5,2,5538437,309872,221611,92202,593936,1,293878,0,2907,1,683,0
2815,5,9,7969228,729839,159591,95929,333712,0,260137,0,2835,1,662,0
2816,3,0,1651524,197632,57886,265889,467187,1,126256,3,3619,1,130,1
2817,6,4,785569,74770,353047,150581,392201,0,193859,3,3550,1,951,2
2818,3,16,2833321,85924,83694,135761,170544,3,430616,0,3935,1,508,0
2819,4,13,5481364,173650,120244,80749,590223,1,313364,0,4022,2,501,0
2820,5,17,5842095,767682,627201,126775,94042,3,217575,3,1503,3,901,2
2821,3,7,4949037,90825,56236,72486,344608,0,251155,0,1102,3,884,2
2822,7,6,8435580,901942,243142,201096,404245,1,147496,3,1979,3,259,1
2823,4,6,5436341,175091,145542,232455,423335,1,492039,0,2251,1,709,0
2824,7,0,7106156,630392,419859,232872,154918,3,281707,0,3871,1,768,0
2825,0,11,5262499,623406,376232,101262,359868,0,482082,0,625,0,793,0
2826,1,10,3199093,74743,83424,83174,313648,0,370240,0,1611,3,308,1
2827,0,14,4702236,507125,186277,141353,70492,3,89684,2,3859,1,336,1
2828,4,12,7231362,122756,111681,98049,523856,1,357799,0,4576,2,235,1
2829,0,4,5656131,531032,333579,63943,401875,1,326382,0,3329,1,528,0
2830,2,3,53167,20879,9084,140128,523227,1,156435,3,1415,3,327,1
2831,5,12,8127250,974464,391005,162979,298414,0,473138,0,3819,1,829,2
2832,3,3,2031643,131939,38112,135563,592525,1,362228,0,4082,2,487,1
2833,0,10,4990076,664355,340725,119394,65364,3,192406,3,3866,1,211,1
2834,4,0,4101914,121038,140936,219450,286714,0,466071,0,1101,3,823,2
2835,0,14,4316286,621965,147337,147023,325826,0,249077,3,4601,2,865,2
2836,8,11,1595942,84583,139990,90273,511375,1,173627,3,930,0,259,1
2837,3,19,2269960,169748,90318,58735,131133,3,446918,0,3871,1,367,1
2838,3,18,4893469,98355,43994,243251,456456,1,345888,0,1560,3,323,1
2839,8,15,3075496,90317,31963,49753,483348,1,390227,0,590,0,895,2
2840,0,17,5514626,629506,259500,123702,378253,0,59157,2,1199,3,837,2
2841,0,8,3569638,683081,200364,255343,99994,3,380854,0,1819,3,738,0
2842,1,16,3062770,60388,55331,231874,326154,0,213595,3,2711,1,125,1
2843,7,17,8738191,216916,186417,127298,457738,1,44871,2,3016,1,217,1
2844,7,9,8476233,673234,453849,158261,244621,0,398463,0,1194,3,689,0
2845,6,12,253952,90577,416523,55913,160876,3,380173,0,4139,2,718,0
2846,4,10,4022559,240185,149471,260023,443462,1,220683,3,2718,1,348,1
2847,1,19,1863310,61574,54125,152471,220864,0,74870,2,3256,1,371,1
2848,1,4,2140249,61150,58983,118603,217565,0,98064,2,2592,1,896,2
2849,1,14,1502854,80614,70831,177042,136559,3,218534,3,2630,1,126,1
2850,8,0,2337761,122065,131051,296257,446370,1,497751,0,2017,1,737,0
2851,8,6,2790539,117143,95786,30004,77359,3,322940,0,4930,2,329,1
2852,7,3,8097389,298993,324630,291355,321825,0,195894,3,3566,1,486,1
2853,2,13,88256,27168,10161,87842,451043,1,277541,0,1851,3,498,1
2854,7,9,8417429,523229,174199,117659,69502,3,225784,3,3372,1,928,2
2855,6,8,567493,80074,316358,132656,331161,0,228980,3,3333,1,638,0
2856,2,6,18367,17932,11966,91288,417901,1,50674,2,2505,1,597,0
2857,3,0,3149013,109724,61369,55073,120554,3,293463,0,1917,3,228,1
2858,7,18,5495860,733398,542441,281710,459226,1,488742,0,4707,2,395,1
2859,5,12,10749670,542185,600678,249900,353865,0,184650,3,2664,1,988,2
2861,7,12,5280142,668256,269549,141930,527400,1,106533,3,507,0,742,0
2862,2,15,74355,26171,6551,165118,360195,0,167128,3,4759,2,996,2
2863,8,0,2536039,90280,56548,196747,535346,1,364063,0,4849,2,522,0
2864,0,18,4552207,667827,164151,277954,257940,0,464187,0,4269,2,483,1
2865,7,8,5454983,695215,577557,110117,173740,3,388856,0,4269,2,909,2
2866,4,9,5400657,204550,147563,250405,119465,3,264937,0,4785,2,741,0
2867,3,14,3775771,157352,91082,124091,255059,0,463184,0,1305,3,109,1
2868,6,5,295467,73288,539947,104092,507539,1,53461,2,767,0,742,0
2869,4,9,6984623,199729,79758,128538,538444,1,48929,2,3658,1,876,2
2870,2,11,68010,22067,6696,33287,50323,2,173464,3,3115,1,57,3
2871,5,19,9903989,605650,420357,118383,534666,1,207979,3,3231,1,671,0
2872,2,14,76567,17547,5136,27548,426816,1,22735,1,1421,3,440,1
2873,3,12,3206504,193849,70947,204387,248582,0,490349,0,3310,1,927,2
2874,4,19,7605405,167477,142177,87876,531127,1,78215,2,4244,2,92,3
2875,7,0,7169034,485858,139732,52591,419922,1,434104,0,3339,1,70,3
2876,6,2,931611,98068,54171,85459,484387,1,409673,0,1369,3,170,1
2877,6,19,758426,92831,359574,227816,478998,1,297307,0,706,0,350,1
2878,6,3,974571,93402,484809,183575,549087,1,409318,0,4928,2,729,0
2879,4,2,5504031,154187,90886,115766,445881,1,96790,2,1191,3,825,2
2880,4,18,6443517,223279,89836,183656,104918,3,304055,0,4773,2,284,1
2881,0,14,3417553,629864,198786,105278,476339,1,473730,0,1937,3,287,1
2882,2,13,68562,21215,10804,36398,250328,0,370674,0,3767,1,760,0
2883,7,19,6476993,869092,473987,174054,556852,1,290041,0,2419,1,945,2
2884,3,18,4727730,98084,34720,153583,286322,0,480235,0,2137,1,826,2
2885,6,14,714872,83935,535267,126603,346636,0,468178,0,3983,1,689,0
2886,0,11,3074725,617992,257014,231223,240171,0,216791,3,726,0,893,2
2887,7,10,7903204,231895,192878,195168,346855,0,277870,0,1246,3,906,2
2888,8,10,2547709,176663,36831,177636,200489,0,233986,3,2131,1,647,0
2889,4,1,7430499,124854,113533,206375,582044,1,405126,0,2330,1,854,2
2890,2,8,24072,29754,6216,142776,174097,3,142251,3,2478,1,221,1
2891,1,1,3356140,57439,67359,241995,364039,0,97129,2,3841,1,87,3
2892,7,4,7161333,287820,228337,62013,497508,1,274075,0,4983,2,454,1
2893,0,12,5502334,565153,256194,238142,498746,1,211073,3,908,0,311,1
2894,2,12,36558,24145,10398,81761,481384,1,92274,2,1020,3,272,1
2895,3,18,4619252,100395,80398,80848,558584,1,223409,3,4025,2,431,1
2896,8,13,3462552,118110,71032,259907,506963,1,34201,2,4485,2,511,0
2897,2,11,72018,27918,9466,158440,550489,1,261397,0,2523,1,110,1
2898,3,9,2602998,107815,74444,240660,235929,0,489138,0,1660,3,211,1
2899,1,3,2382858,68959,31838,200414,64977,3,397754,0,3612,1,332,1
2900,1,5,3407184,67630,45371,98700,322235,0,34075,2,710,0,733,0
2901,2,10,57716,20651,10850,242272,146254,3,369506,0,1143,3,322,1
2902,3,19,3307832,195070,74556,104272,512192,1,295715,0,1795,3,636,0
2903,2,6,83000,23622,9179,245219,244739,0,159088,3,2512,1,649,0
2904,3,17,1879172,128454,75528,254204,83648,3,234490,3,4513,2,856,2
2905,1,18,3566850,59158,36226,133626,206966,0,330073,0,4480,2,102,1
2906,6,12,713505,80548,385701,294893,183678,3,322039,0,4559,2,445,1
2907,3,0,1850458,155653,80315,296258,179527,3,210493,3,4050,2,796,0
2908,8,14,1531966,149201,68593,96295,405836,1,421818,0,4708,2,380,1
2909,3,19,4132692,148709,53309,26627,540917,1,233719,3,4414,2,428,1
2910,8,13,2518908,122851,95741,197400,343507,0,116291,3,3388,1,327,1
2911,0,4,3100646,574182,163169,165333,558813,1,449625,0,3603,1,816,2
2912,4,0,7293702,156241,80362,150921,376818,0,383333,0,3854,1,126,1
2913,3,13,2925072,163300,82363,52672,203320,0,82731,2,1413,3,768,0
2914,0,16,3438392,518341,164862,148737,433264,1,465536,0,1853,3,965,2
2915,8,17,2249725,154441,25545,67021,202263,0,352922,0,3836,1,575,0
2916,5,18,6057462,169301,417453,255373,347391,0,443415,0,777,0,415,1
2917,7,16,5202408,830231,339333,161546,401924,1,498904,0,3775,1,471,1
2918,6,5,871541,96800,244429,75966,144337,3,168339,3,3712,1,542,0
2919,1,6,3449598,72178,86693,244678,238672,0,390805,0,2950,1,863,2
2920,1,0,3952759,84304,41860,97871,550709,1,197283,3,812,0,155,1
2921,8,16,2891815,194390,106681,284309,412843,1,285603,0,3783,1,643,0
2922,5,2,10023047,141592,100698,53857,514562,1,449977,0,3647,1,459,1
2923,1,17,1655363,79520,59147,56247,482019,1,482959,0,4433,2,283,1
2924,5,18,11949112,987153,629341,112097,426619,1,307350,0,3072,1,881,2
2925,3,4,4629403,185365,99955,196930,224187,0,38605,2,850,0,431,1
2926,3,16,4702570,193821,53213,177409,135921,3,68700,2,3894,1,835,2
2927,4,5,3595644,203941,147352,31178,395598,0,20410,1,4120,2,610,0
2928,7,17,6629776,602488,431958,121230,126929,3,95535,2,2701,1,894,2
2929,6,1,424956,76551,160780,173360,452143,1,245990,3,2862,1,568,0
2930,7,16,5769222,375146,318149,130276,202660,0,106703,3,2130,1,255,1
2931,7,11,5633801,572894,267670,155968,416804,1,402238,0,2559,1,574,0
2932,6,10,538464,88122,540265,140018,293475,0,192097,3,3338,1,333,1
2933,1,0,2837630,63840,77648,187468,247189,0,98962,2,1507,3,98,3
2934,8,3,2674459,194773,34389,257100,232106,0,371829,0,646,0,132,1
2935,4,4,4072899,242095,130720,204762,435233,1,326384,0,4969,2,478,1
2936,4,9,3724612,127975,112409,108637,290305,0,127949,3,4711,2,906,2
2937,8,18,1999262,140921,64046,243126,205336,0,308842,0,4863,2,138,1
2938,6,3,956460,91974,282104,131642,160250,3,426672,0,4248,2,53,3
2939,8,2,2872912,159349,48922,94014,448137,1,344478,0,4656,2,783,0
2940,3,11,4795034,102760,39798,87160,564100,1,89604,2,3717,1,639,0
2941,8,17,2724668,101380,74471,22210,66709,3,89214,2,4756,2,569,0
2942,2,0,16041,18745,6591,120681,229258,0,394990,0,3133,1,227,1
2943,4,10,7101652,218838,105202,144716,221385,0,357719,0,2260,1,558,0
2944,7,10,7817811,855499,470954,115560,454729,1,253080,0,663,0,709,0
2945,7,18,8812373,449101,381396,77481,588314,1,255152,0,3646,1,166,1
2946,4,4,4355696,109458,71099,171445,380152,0,117481,3,1158,3,699,0
2947,6,10,796131,99091,394804,25132,241844,0,162724,3,2046,1,920,2
2948,3,18,4627205,105216,71387,197493,548749,1,340412,0,2169,1,826,2
2949,1,18,2430189,72163,62283,56873,502625,1,391730,0,2505,1,694,0
2950,2,5,61793,27714,10626,245946,66701,3,47284,2,4115,2,345,1
2951,4,14,5090031,181988,101114,297775,533325,1,357874,0,3064,1,193,1
2952,1,10,2891981,84840,49981,140509,258424,0,491849,0,2881,1,914,2
2953,3,6,2755364,79753,77602,90602,265295,0,467924,0,3542,1,184,1
2954,3,2,2256202,88533,83181,201768,313960,0,332527,0,4953,2,864,2
2955,6,3,264857,72823,91443,58673,153113,3,485110,0,4565,2,264,1
2956,5,19,10311584,947457,332458,21779,290754,0,396360,0,2188,1,849,2
2957,5,11,8127947,725912,441525,71033,81179,3,466011,0,4309,2,229,1
2958,3,12,1815065,93317,56534,185710,214217,0,92038,2,3259,1,334,1
2959,7,14,6114843,217635,446084,191179,333133,0,429217,0,4621,2,807,2
2960,0,8,4662923,529603,266013,283749,208911,0,61973,2,3579,1,648,0
2961,8,3,1884326,100490,84581,224234,89547,3,480092,0,1042,3,867,2
2963,5,1,7062546,251307,481527,183546,375451,0,397325,0,2528,1,900,2
2965,4,2,3741968,112154,91682,82368,477471,1,486864,0,854,0,58,3
2966,7,4,7312603,562264,507829,160944,571876,1,213321,3,2377,1,637,0
2968,0,8,3529188,673615,119767,194625,140073,3,179424,3,1756,3,556,0
2969,0,1,3452239,517595,109902,97792,248849,0,387505,0,3826,1,383,1
2970,7,17,6439573,530431,115100,222821,115227,3,435902,0,1587,3,215,1
2971,8,17,1900677,80836,138853,245601,297795,0,206786,3,3584,1,425,1
2972,3,4,4695249,92692,75743,112213,362975,0,214797,3,4869,2,692,0
2973,8,9,1652622,97592,124709,232051,192328,3,319044,0,3431,1,436,1
2974,1,2,3960079,52484,92101,263738,342610,0,276046,0,3279,1,552,0
2975,6,9,896704,86708,302742,169687,239879,0,371112,0,3050,1,848,2
2976,8,18,3392335,84041,117971,93698,82196,3,392645,0,861,0,856,2
2977,8,11,3298621,64729,132518,52439,149595,3,364805,0,3574,1,757,0
2978,1,6,2622908,87147,62735,278901,571005,1,418184,0,3961,1,410,1
2979,7,17,6851331,750252,430827,41276,332911,0,386636,0,3456,1,983,2
2980,0,4,5518088,552174,294456,84783,353425,0,192137,3,2261,1,195,1
2981,5,12,5937720,628629,305465,115880,357509,0,489425,0,3691,1,589,0
2982,0,3,4449293,621523,321737,39008,261895,0,36774,2,1920,3,605,0
2983,6,12,603445,62715,539144,254192,320551,0,389190,0,2195,1,711,0
2984,8,3,3486100,54575,140678,254636,436953,1,434054,0,4479,2,448,1
2985,6,18,346401,66449,493447,22858,54088,2,203996,3,4019,2,421,1
2986,0,2,3822753,518963,228874,234289,537442,1,116699,3,4295,2,80,3
2987,7,0,6773833,331811,112588,46724,409283,1,495050,0,3884,1,625,0
2988,2,14,16055,29040,8832,173933,97543,3,272990,0,1337,3,804,2
2989,8,13,3362086,50580,120530,202483,59518,2,368658,0,607,0,749,0
2990,8,6,1758291,68840,137539,286479,448573,1,352802,0,2780,1,523,0
2991,6,19,896259,52283,541127,73776,584156,1,339983,0,3026,1,196,1
2992,1,13,2800188,90194,78960,26791,315811,0,325791,0,4933,2,883,2
2993,7,0,8695769,850878,593321,171070,307516,0,378629,0,4189,2,141,1
2994,3,9,3978702,170411,62499,268797,335649,0,216920,3,3805,1,340,1
2995,4,0,4405995,152482,102468,112136,275470,0,154398,3,3281,1,616,0
2996,1,6,1969881,71956,70234,286690,377328,0,225269,3,1952,3,680,0
2997,4,10,4652062,144175,108669,211332,407957,1,414156,0,3472,1,777,0
2998,0,9,3736722,536553,194046,292389,339287,0,383419,0,2063,1,244,1
2999,1,9,2403343,60656,75754,236278,526275,1,247525,3,3516,1,285,1
3000,2,10,96581,26472,11976,137890,320051,0,322697,0,1585,3,136,1
3001,4,10,3508339,211509,102918,101825,75065,3,497450,0,4171,2,265,1
3002,5,4,8575883,237334,551104,149332,575173,1,207081,3,4461,2,945,2
3003,1,13,3165006,91334,46330,197837,314388,0,132453,3,4181,2,971,2
3004,6,6,747338,51552,115921,118218,461155,1,118481,3,1087,3,231,1
3005,4,11,6612889,188225,103831,281244,80994,3,357751,0,3018,1,196,1
3006,8,6,2467788,191292,99692,118903,281963,0,342509,0,3721,1,196,1
3007,0,19,3021354,579121,245438,254526,333428,0,136015,3,4076,2,387,1
3008,7,0,5614884,575271,178429,77174,404511,1,28463,1,3391,1,907,2
3009,2,3,60404,21797,6121,266130,253573,0,474754,0,525,0,193,1
3010,8,19,1753635,88780,144277,233144,94894,3,381273,0,979,0,129,1
3011,8,9,2313065,147323,95339,130038,199765,3,423160,0,3293,1,287,1
3012,3,2,2944142,84430,40342,42387,183734,3,287486,0,1088,3,159,1
3013,3,18,1635608,110620,50652,108400,268360,0,115661,3,1873,3,704,0
3014,2,6,48209,17345,9147,86392,171944,3,183252,3,4643,2,442,1
3015,4,10,4055955,166898,109916,259901,325074,0,386295,0,3525,1,351,1
3016,8,5,2372849,70259,80101,33977,502473,1,144701,3,3619,1,476,1
3018,3,3,2061075,78203,85280,153159,404672,1,389902,0,3033,1,141,1
3019,1,10,1839811,57767,46774,257556,574968,1,276936,0,1008,3,80,3
3020,8,18,1508217,99083,74783,118718,217697,0,203112,3,1150,3,887,2
3021,6,11,404884,58146,210569,244806,124140,3,435479,0,3782,1,470,1
3022,6,5,549303,58652,574533,34767,79497,3,224966,3,1842,3,416,1
3023,6,8,981652,80283,222245,144948,77097,3,377755,0,2657,1,138,1
3024,8,1,2194260,198376,136810,281396,417933,1,78075,2,2421,1,903,2
3025,1,10,3901431,71794,72232,228487,54134,2,116017,3,2308,1,299,1
3026,4,14,4825810,108926,133214,53245,391954,0,267843,0,2971,1,837,2
3027,7,3,6172403,548280,549991,241671,383767,0,290292,0,1220,3,729,0
3028,8,5,2100219,104354,148872,85011,501057,1,169339,3,4338,2,251,1
3029,6,11,502581,78694,525999,176667,86618,3,306310,0,2035,1,626,0
3030,4,16,5702018,234258,104596,188519,534154,1,131433,3,1057,3,100,1
3031,3,14,3639002,132862,38671,200367,184260,3,25103,1,1632,3,346,1
3032,1,15,3607024,71091,69680,273503,451967,1,448313,0,1552,3,460,1
3033,3,18,2120507,123028,33511,237437,599254,1,371037,0,4626,2,979,2
3034,1,11,2038364,64084,64803,246876,145543,3,180547,3,1989,3,157,1
3035,3,12,4392222,89531,62901,291390,383595,0,49446,2,906,0,149,1
3036,4,16,4363636,183874,120677,50287,131050,3,349044,0,1987,3,799,0
3037,0,3,3377930,575823,286866,227987,294057,0,246863,3,1459,3,983,2
3038,3,17,2682253,85443,47832,214563,481460,1,452755,0,974,0,826,2
3039,2,9,77078,19945,7631,223225,144817,3,432404,0,2695,1,83,3
3040,7,0,7304843,349338,385164,247814,123360,3,195651,3,3349,1,265,1
3041,0,15,4538266,588293,312775,127854,438404,1,78826,2,2548,1,460,1
3043,7,17,8277577,721063,110124,89162,249670,0,270473,0,4854,2,964,2
3044,4,13,4257773,119813,71424,153934,275304,0,28215,1,1595,3,373,1
3045,7,18,8486947,694558,604472,41117,153713,3,424766,0,3733,1,70,3
3046,7,13,6079308,561536,345762,56968,312886,0,298919,0,4066,2,758,0
3047,1,16,3130093,54533,50468,241142,371406,0,383424,0,4949,2,252,1
3048,0,12,4358594,627508,175755,138034,229201,0,225812,3,2398,1,91,3
3049,0,8,3772643,670375,159962,151289,81689,3,491546,0,2183,1,772,0
3050,0,6,5060225,622401,378055,97395,250247,0,251715,0,2934,1,245,1
3051,0,17,5345179,637907,140250,238736,188089,3,386204,0,4371,2,774,0
3052,2,14,37689,28778,6174,162211,292767,0,369365,0,848,0,393,1
3053,5,13,7138425,183044,160531,248996,524448,1,218852,3,3776,1,992,2
3054,3,8,3062681,174161,95353,245038,144564,3,314279,0,4629,2,721,0
3055,2,15,25471,20474,8988,63080,220150,0,365247,0,2823,1,582,0
3056,5,19,8909897,447769,612906,88294,366351,0,20906,1,2500,1,924,2
3057,8,15,1748036,85650,39600,105850,71047,3,367302,0,841,0,161,1
3058,8,4,2098017,162133,83600,144008,435579,1,313788,0,773,0,436,1
3059,8,8,2028688,164626,66172,299872,572664,1,274951,0,3733,1,750,0
3060,8,14,2340803,125927,99098,29377,591748,1,495128,0,1340,3,531,0
3061,7,18,7011750,522237,153210,224221,286016,0,471124,0,2573,1,623,0
3062,0,13,3477423,570054,217762,188465,207291,0,176142,3,2915,1,425,1
3063,0,15,5576634,520384,330765,244953,496138,1,473427,0,625,0,87,3
3064,5,1,6444029,890769,570286,276049,589464,1,124292,3,1807,3,799,0
3065,4,17,3574402,137357,113100,121733,467622,1,433064,0,2007,1,461,1
3066,4,5,5652877,148221,139459,205900,296467,0,283385,0,2433,1,591,0
3067,5,16,11862100,520774,542069,293242,542665,1,401370,0,3402,1,759,0
3068,3,19,3635057,180343,98323,230550,170814,3,205649,3,1250,3,437,1
3069,3,12,3933849,91344,71681,269822,53728,2,127680,3,3230,1,937,2
3070,0,14,5700967,551395,349147,273954,176563,3,371966,0,3775,1,64,3
3071,0,19,3982566,699957,167138,90115,519971,1,38423,2,1494,3,590,0
3072,4,19,3689405,221785,78377,43351,113338,3,303428,0,1907,3,280,1
3073,3,12,1740211,175673,47794,102704,374486,0,275820,0,4427,2,847,2
3074,3,13,2687392,136396,85697,105525,438981,1,364012,0,2939,1,880,2
3075,5,4,10293403,652838,596947,251703,281661,0,444553,0,1032,3,191,1
3076,2,14,28978,22558,8085,263875,258893,0,277415,0,1380,3,604,0
3077,1,15,3437626,58317,71251,53539,308864,0,261710,0,1767,3,720,0
3078,1,6,3562557,74080,60264,113517,520863,1,432205,0,2226,1,921,2
3079,6,17,347980,97698,79316,100513,130384,3,76571,2,3381,1,938,2
3080,8,15,2724386,90291,143696,155620,441768,1,344717,0,2995,1,599,0
3081,6,14,653547,97597,156186,150273,463908,1,310077,0,2347,1,657,0
3082,1,11,2691485,78685,72708,80451,460674,1,317920,0,712,0,869,2
3085,7,9,8564542,397515,153198,200130,515411,1,187750,3,2222,1,187,1
3086,5,4,8759414,407706,367116,107998,309200,0,251858,0,2136,1,665,0
3087,2,0,55667,26334,8817,44085,390080,0,282809,0,2199,1,720,0
3088,7,7,8562181,876687,429202,22877,369792,0,409777,0,3136,1,958,2
3089,5,0,9174256,591041,465698,103939,540956,1,458858,0,4692,2,651,0
3090,1,15,3275537,94190,40912,278102,157075,3,416335,0,1531,3,553,0
3091,6,7,726134,64836,501795,34984,562072,1,101686,3,2098,1,870,2
3092,4,2,7643780,115199,115647,132022,215907,0,259378,0,4700,2,573,0
3093,3,6,2967836,158131,32903,124668,478645,1,274999,0,3947,1,834,2
3094,0,10,4417409,576256,226625,186194,110613,3,422497,0,954,0,951,2
3095,0,0,4345132,629882,375003,62784,376314,0,150834,3,547,0,509,0
3096,8,4,2105615,69022,129182,139365,201549,0,476138,0,3969,1,609,0
3099,6,0,560823,67905,92548,256562,289728,0,292987,0,4181,2,780,0
3100,6,9,427053,72314,45885,113273,401626,1,365947,0,1403,3,545,0
3101,3,7,4465669,189400,26680,25044,99721,3,22141,1,1798,3,244,1
3103,3,12,2974564,75006,79447,79212,548641,1,47831,2,3826,1,525,0
3104,7,19,7770722,289815,367053,70054,59581,2,424918,0,1951,3,706,0
3105,1,3,1953709,76393,42084,246301,259175,0,253674,0,1921,3,548,0
3106,7,8,5786830,379796,539568,177514,224165,0,55571,2,4652,2,343,1
3107,3,2,4109603,178783,55907,181280,553146,1,232589,3,4532,2,107,1
3108,0,10,4836332,586762,149504,240430,339313,0,434148,0,2596,1,442,1
3109,6,6,335670,73606,350181,189024,323696,0,281315,0,851,0,873,2
3110,0,15,3493138,605986,295207,273683,488240,1,462514,0,1070,3,840,2
3111,4,17,6722478,161057,111424,45222,389966,0,372650,0,1732,3,393,1
3112,7,0,5011101,636001,129940,177567,113604,3,65875,2,2309,1,754,0
3113,7,9,5817104,557741,224662,131706,232161,0,433198,0,707,0,303,1
3114,0,11,5750811,624417,263226,113583,525956,1,139579,3,3060,1,685,0
3115,2,0,88528,16866,6551,217704,549085,1,119274,3,4672,2,502,0
3116,2,19,100342,24523,6120,199408,506344,1,214071,3,756,0,318,1
3117,7,15,6541143,514819,588038,149348,62202,3,416678,0,919,0,899,2
3118,3,7,2377418,151060,53743,158923,130428,3,173409,3,2506,1,792,0
3119,7,3,8218248,443919,377024,206739,310475,0,458382,0,2016,1,479,1
3120,6,13,348912,90212,276759,33861,444064,1,431085,0,3077,1,199,1
3121,1,5,3298256,83800,72372,106819,458705,1,264106,0,1393,3,641,0
3122,2,6,87552,23725,10317,106024,459889,1,178193,3,732,0,913,2
3123,6,15,872238,91294,584128,50897,383623,0,405234,0,4954,2,593,0
3124,0,12,5894678,509674,249136,202717,281962,0,326024,0,1090,3,219,1
3125,6,8,976048,76235,593531,288216,191170,3,153045,3,3550,1,802,2
3126,1,10,2946909,82873,71505,61258,134258,3,78567,2,4428,2,630,0
3127,8,13,1615854,168678,29897,117706,338094,0,178589,3,4261,2,86,3
3128,4,10,6500886,138899,143775,189170,419325,1,24474,1,4492,2,382,1
3129,8,9,2004267,174746,149745,216354,521102,1,33443,2,4706,2,504,0
3130,6,9,853312,92496,126706,67638,109047,3,472770,0,1596,3,202,1
3131,6,7,613236,79601,535905,244909,273608,0,489070,0,1602,3,644,0
3132,3,12,2141514,154785,60478,279026,215235,0,478487,0,2145,1,328,1
3133,6,16,595355,70438,516599,220238,584883,1,106647,3,577,0,129,1
3135,6,8,331399,81455,486985,228600,255390,0,232885,3,4378,2,764,0
3136,6,0,483334,67812,313702,194880,115875,3,387816,0,1105,3,207,1
3137,8,16,2424018,135242,145446,299120,570265,1,159012,3,833,0,275,1
3138,4,1,6938427,100124,76690,210202,570187,1,250205,0,3790,1,316,1
3139,7,15,6885004,883769,372101,151271,534590,1,378098,0,1717,3,110,1
3140,5,4,9150849,506258,524834,154617,460115,1,318671,0,946,0,455,1
3141,8,17,2032776,167353,93735,115438,181561,3,230640,3,4066,2,535,0
3142,7,0,5242457,461598,302697,289609,90538,3,290515,0,4385,2,800,2
3143,2,10,84168,15463,8076,46332,588985,1,311896,0,2845,1,551,0
3144,0,16,4163593,615640,298827,219614,452648,1,257556,0,3546,1,713,0
3145,0,14,5813215,679675,280315,254986,365660,0,224051,3,665,0,663,0
3146,0,6,5892227,619366,319292,28599,320715,0,432572,0,3525,1,269,1
3147,1,10,3194151,70655,46678,137932,188638,3,242588,3,2150,1,92,3
3148,4,4,7745197,219283,140451,21615,265243,0,218950,3,4537,2,508,0
3149,7,1,8960630,748311,343968,42641,219084,0,186566,3,2921,1,407,1
3150,0,17,5102044,538265,124291,171464,167248,3,347350,0,1841,3,437,1
3151,2,8,92364,27037,10208,285783,193448,3,119655,3,2778,1,690,0
3152,7,14,5316473,216936,502185,180187,553797,1,305433,0,3976,1,936,2
3153,8,8,2196378,73711,86862,127311,91662,3,355121,0,2339,1,209,1
3154,0,7,5899091,656724,109573,199748,474633,1,215616,3,2391,1,546,0
3155,2,10,23168,24701,7443,180699,162407,3,454370,0,3743,1,187,1
3156,8,5,2689093,100912,124071,22421,304978,0,205437,3,2422,1,300,1
3157,0,11,5344626,573580,243681,152514,409822,1,133354,3,4398,2,980,2
3158,0,14,3964625,634826,248360,198288,498018,1,22470,1,2149,1,97,3
3159,0,4,3417222,523006,281371,110807,173263,3,403101,0,1780,3,272,1
3160,4,0,4458419,130013,105648,280304,280394,0,331739,0,4130,2,515,0
3161,7,5,5805913,421757,566465,124252,220983,0,231324,3,2768,1,831,2
3162,0,12,5108359,510059,157175,115456,476754,1,444408,0,4802,2,184,1
3163,4,8,7801040,221977,137914,222707,532950,1,468847,0,1846,3,709,0
3164,1,14,2763418,74198,44561,183641,167173,3,319548,0,2211,1,262,1
3165,0,7,4587273,528806,322201,209450,516893,1,242119,3,4333,2,430,1
3166,2,18,39131,30240,6088,83678,74440,3,134208,3,2667,1,261,1
3167,1,14,1932501,86650,47308,83486,423963,1,428470,0,2765,1,841,2
3168,3,10,2576299,108784,76461,100588,273446,0,378796,0,4943,2,343,1
3169,5,2,5769447,270068,622516,284159,217446,0,53970,2,2471,1,890,2
3170,2,14,94370,25589,6697,270613,467786,1,88900,2,2060,1,192,1
3171,6,16,853714,93171,43165,84242,470459,1,467453,0,4901,2,436,1
3172,1,6,3648822,76881,66515,70933,180167,3,408917,0,4836,2,754,0
3173,3,16,3146208,151622,51826,294958,496349,1,334401,0,779,0,259,1
3174,2,5,48652,19548,8997,198832,148492,3,438040,0,2043,1,683,0
3175,6,12,858980,68560,532409,289383,530430,1,219027,3,3457,1,864,2
3176,2,18,40630,25730,6732,156014,209647,0,464024,0,4330,2,532,0
3177,7,16,5376747,253299,519868,191993,300138,0,144634,3,2296,1,875,2
3178,2,12,44143,23592,7092,36027,592000,1,324442,0,814,0,359,1
3180,3,1,2211508,185167,90778,178646,288754,0,284988,0,3878,1,937,2
3181,1,4,2532844,63372,82627,83156,582582,1,140185,3,2145,1,989,2
3182,6,10,954495,68524,160310,157297,354717,0,53056,2,1982,3,782,0
3183,6,8,753490,85584,458673,160930,388135,0,455827,0,3719,1,385,1
3184,1,14,2998247,92843,44845,150335,536024,1,319668,0,4688,2,284,1
3185,0,19,5893345,693404,401427,280341,179257,3,215862,3,1574,3,863,2
3186,8,17,1980255,170063,54047,210048,80499,3,79803,2,4824,2,759,0
3187,7,4,5395021,230695,364527,49940,466508,1,435112,0,3546,1,928,2
3188,5,11,11572767,409785,203528,42822,189623,3,207449,3,3145,1,636,0
3191,3,13,4881704,179195,37145,221875,336735,0,23589,1,2969,1,360,1
3193,7,5,7768947,816372,272099,130439,401228,1,186813,3,3227,1,302,1
3194,6,1,747529,59437,129342,165909,454526,1,253007,0,1728,3,375,1
3195,8,12,2732489,182744,81656,122180,250970,0,238112,3,1405,3,559,0
3196,3,9,4306897,118272,87600,297411,140743,3,383468,0,2387,1,71,3
3197,4,8,7912498,145663,125638,97594,308600,0,425009,0,1112,3,540,0
3198,5,11,7694414,403593,422715,157560,308588,0,166197,3,2196,1,475,1
3199,2,2,38416,25851,7150,279982,86077,3,331013,0,502,0,592,0
3200,5,0,5963818,834067,199172,36216,473271,1,250767,0,2210,1,153,1
3201,5,3,5829861,792807,155348,230973,170028,3,125169,3,3079,1,852,2
3202,1,19,2953841,73024,64475,110742,151995,3,67715,2,1633,3,692,0
3203,8,6,2832261,63526,92630,192789,295280,0,70272,2,2849,1,606,0
3204,4,1,5685325,132356,115019,74667,350887,0,411182,0,2684,1,278,1
3205,4,19,3575800,200797,125717,44584,335312,0,368667,0,4432,2,692,0
3206,7,15,8300459,382910,528862,24984,358941,0,125502,3,3364,1,815,2
3207,3,6,3867524,80992,83913,299414,355267,0,318370,0,3662,1,917,2
3208,2,17,79340,25417,12195,280231,285944,0,173864,3,4456,2,172,1
3209,5,18,10592154,371192,372989,25372,302977,0,20593,1,4250,2,438,1
3210,5,5,8428175,361978,269908,145145,356529,0,52782,2,2221,1,326,1
3211,4,9,4095598,156362,102081,232137,118447,3,116497,3,4380,2,433,1
3213,5,7,7985293,700783,354044,84857,102923,3,239556,3,4525,2,604,0
3214,2,17,56346,22721,12300,93818,199529,3,25719,1,4503,2,423,1
3215,1,7,3695091,82814,39788,286993,403906,1,147835,3,1644,3,908,2
3216,2,18,19579,23537,7072,168112,386455,0,463999,0,1753,3,480,1
3217,2,14,40239,27348,9689,229416,117824,3,448929,0,3247,1,788,0
3219,3,18,3601322,160451,62812,83218,580673,1,399322,0,4763,2,537,0
3220,1,14,3121449,91112,81368,208835,229101,0,240373,3,3107,1,74,3
3221,2,12,29175,22485,6604,58330,263005,0,450705,0,924,0,901,2
3222,6,16,691885,92546,256834,139739,567771,1,269539,0,3824,1,935,2
3223,2,16,51706,28935,6371,222861,311493,0,269087,0,2905,1,833,2
3224,5,10,7189441,170044,146699,68584,498120,1,407971,0,3946,1,97,3
3225,6,1,638129,84084,305007,182575,101086,3,429450,0,1784,3,862,2
3226,8,13,2801208,61082,115460,97713,121264,3,425690,0,1731,3,698,0
3227,3,15,3360964,127342,54001,83139,564464,1,34371,2,2797,1,754,0
3228,0,17,5592790,592678,302235,137227,537103,1,320380,0,1406,3,667,0
3229,5,17,11229141,254393,422541,263845,331588,0,344789,0,3127,1,974,2
3230,8,3,2821177,119730,26451,110832,474692,1,56824,2,2028,1,622,0
3231,4,6,5187332,141610,76223,140798,514330,1,113159,3,4262,2,137,1
3232,1,4,2080068,53195,70894,159532,199440,3,200967,3,3818,1,445,1
3233,2,14,60009,25784,12121,34693,163568,3,226202,3,1047,3,901,2
3234,5,17,8494730,686413,110760,73043,380564,0,52356,2,1652,3,530,0
3235,4,5,5536062,178414,77601,290411,179303,3,160437,3,4545,2,236,1
3236,2,14,24215,26001,11864,294636,191815,3,474073,0,3216,1,953,2
3237,3,5,4691016,161945,40244,34123,464502,1,45926,2,2494,1,50,3
3238,2,17,89441,22987,9845,286889,232571,0,479176,0,948,0,795,0
3239,1,8,3648850,78541,77611,227902,451511,1,293803,0,3422,1,494,1
3240,3,7,2329544,100834,29531,169610,243903,0,229646,3,4387,2,792,0
3241,8,9,3489690,170611,50387,74311,384028,0,241761,3,3546,1,616,0
3242,3,0,3258831,188069,64659,206595,245364,0,441779,0,2267,1,234,1
3243,6,19,973863,87225,124092,227640,366393,0,200487,3,704,0,581,0
3244,3,14,2153980,78004,34723,223522,518307,1,266220,0,3609,1,288,1
3245,5,6,7522755,405915,630124,137256,198750,3,205901,3,4049,2,161,1
3246,3,6,2096246,164851,36548,159430,83499,3,186522,3,1506,3,604,0
3247,1,16,2424867,86097,81897,144927,439290,1,356664,0,1757,3,928,2
3248,4,2,6412436,107581,72981,142694,405260,1,126078,3,4983,2,245,1
3249,3,5,4122367,122879,40840,97427,227787,0,106662,3,839,0,545,0
3250,5,16,9319469,225424,562425,86616,320948,0,306118,0,1972,3,664,0
3251,2,3,70354,21484,6160,75093,356138,0,155510,3,571,0,706,0
3252,5,13,8326889,735759,605978,238003,88352,3,213901,3,2350,1,344,1
3253,8,3,1567019,56365,90708,33192,573375,1,255214,0,1161,3,528,0
3254,5,3,10702149,982466,500349,149151,235542,0,412680,0,2849,1,588,0
3255,7,0,6436981,565742,123003,140719,425012,1,88621,2,2321,1,996,2
3256,4,15,5589239,178431,116858,64587,257604,0,63550,2,2555,1,832,2
3257,4,13,7972018,145934,147688,260333,574361,1,46493,2,1173,3,800,2
3258,0,15,3207780,684405,164166,206106,80699,3,161014,3,1788,3,152,1
3259,2,17,52409,28823,5322,133321,452790,1,116364,3,2671,1,614,0
3260,5,3,11019338,746662,594241,130901,96180,3,215761,3,1132,3,597,0
3261,0,11,5187539,684744,263826,69049,271671,0,470911,0,1634,3,698,0
3262,5,4,9196460,194671,467173,222001,260410,0,361695,0,2748,1,785,0
3263,7,10,5225912,557299,189102,133483,135595,3,469534,0,4103,2,756,0
3264,7,4,5303236,352885,419800,69054,51648,2,192073,3,2398,1,402,1
3265,4,3,5887864,169656,138799,234068,130934,3,344189,0,2689,1,330,1
3266,4,2,5516375,135179,148506,93889,540333,1,324914,0,647,0,828,2
3267,6,6,574307,90506,475072,171563,392669,0,223001,3,917,0,680,0
3268,3,8,3801624,83262,89592,261385,350195,0,148237,3,1917,3,968,2
3269,7,12,8570080,867393,344359,22669,417415,1,277250,0,4501,2,556,0
3270,5,6,9656482,887122,208412,145154,413633,1,489043,0,2148,1,857,2
3271,7,10,6910257,770067,551951,186147,321008,0,399532,0,1509,3,364,1
3272,4,8,4359112,200393,149953,287994,469586,1,126430,3,1053,3,844,2
3273,4,2,4136704,244038,100827,46531,298849,0,342632,0,1646,3,465,1
3274,7,3,8853124,624369,138876,101673,522780,1,402204,0,2455,1,748,0
3275,2,5,22351,16214,11128,187598,524658,1,156690,3,557,0,973,2
3276,2,2,75958,15057,6666,295765,597307,1,153721,3,1119,3,473,1
3277,4,13,4023186,202501,75904,154058,535865,1,129263,3,2967,1,177,1
3278,3,3,2650482,112185,39858,297704,511068,1,133607,3,1002,3,562,0
3279,3,19,4331274,130803,40520,115455,121310,3,43193,2,984,0,264,1
3280,4,17,7876505,121766,80912,109749,524773,1,171991,3,3008,1,854,2
3281,2,18,84048,21427,10831,299991,125561,3,276212,0,3564,1,734,0
3282,1,6,2746326,72937,46061,192827,283735,0,159875,3,1384,3,250,1
3283,3,6,4166268,138521,81501,160629,430899,1,51103,2,3588,1,280,1
3284,6,9,744902,58410,231336,117587,550161,1,264204,0,3413,1,756,0
3285,8,9,3229001,132086,36024,222419,446351,1,255362,0,1729,3,788,0
3286,4,8,4824573,100003,114258,110599,462383,1,138264,3,2543,1,458,1
3287,8,17,2424669,145140,70873,151592,575306,1,136661,3,860,0,179,1
3288,4,6,6465640,128938,146221,180142,220325,0,126259,3,4593,2,678,0
3289,5,16,7576805,320670,524584,95601,385800,0,24411,1,2247,1,64,3
3290,6,9,967815,52648,401975,116642,358089,0,133241,3,1144,3,986,2
3291,7,12,6568197,753490,210548,194774,71371,3,157843,3,1077,3,231,1
3292,1,10,2925712,60844,30737,137963,220386,0,186648,3,832,0,803,2
3293,7,13,8157435,707634,550987,25103,63597,3,96629,2,880,0,658,0
3294,7,8,7252370,754048,306992,282685,596293,1,123091,3,3499,1,127,1
3295,7,3,7253690,584807,599002,157071,517752,1,375264,0,2868,1,333,1
3296,1,4,3788250,60919,94797,99257,372494,0,250287,0,2433,1,327,1
3297,1,6,2497543,53751,32977,263755,332540,0,284590,0,4959,2,262,1
3299,4,10,6351407,209528,70171,280761,556020,1,490957,0,3353,1,592,0
3300,6,10,552032,96289,345082,240487,171894,3,465902,0,3899,1,498,1
3301,1,15,3584964,62538,44768,77917,524006,1,340445,0,4935,2,424,1
3302,4,1,5365458,177091,120195,164861,100997,3,469688,0,1300,3,167,1
3303,7,3,5958848,588433,358303,99300,202891,0,359780,0,2547,1,601,0
3304,1,12,2514671,56623,32845,35102,573503,1,136448,3,1320,3,800,2
3305,4,4,5494489,242427,118201,39672,260427,0,94727,2,3514,1,890,2
3306,7,10,5759890,839388,260527,40645,183943,3,403577,0,1592,3,548,0
3307,6,14,620831,84643,244980,101731,139822,3,397972,0,4234,2,603,0
3308,7,16,6304082,457488,428599,207132,327256,0,495328,0,3365,1,979,2
3309,1,7,1584017,77903,49428,220652,404536,1,316442,0,2080,1,218,1
3310,8,8,2423335,93992,97773,166189,126506,3,454930,0,3511,1,543,0
3311,6,13,718412,57359,443455,107150,579073,1,127540,3,2246,1,307,1
3312,8,6,3347101,83681,45112,100483,429436,1,319545,0,3013,1,298,1
3313,1,4,2604285,72980,48478,162479,566829,1,267319,0,1485,3,742,0
3314,6,14,643105,98717,523131,237802,481678,1,262372,0,4312,2,302,1
3315,6,18,329259,95568,120116,63252,406395,1,32310,2,3866,1,358,1
3316,4,8,6823704,186042,75036,28463,493512,1,191828,3,2389,1,791,0
3317,5,14,9682321,240906,175428,151518,508943,1,91925,2,2675,1,585,0
3318,4,19,7621895,210897,138139,228145,393786,0,26836,1,3715,1,824,2
3319,6,12,621585,53120,378272,32503,529353,1,30860,2,2329,1,692,0
3320,1,18,3354531,68498,45842,101218,221992,0,347091,0,697,0,429,1
3321,5,17,8970429,516536,255347,163760,412047,1,398032,0,678,0,158,1
3322,4,8,6193725,126223,115347,190676,452067,1,206924,3,4965,2,563,0
3323,0,10,5555113,613723,308684,132375,295188,0,359790,0,3164,1,95,3
3324,5,6,6265918,746369,424729,166377,382573,0,394852,0,747,0,977,2
3325,2,4,79743,29969,10339,203798,299440,0,418644,0,3543,1,585,0
3326,5,15,10892066,820918,500833,281934,519883,1,20688,1,3181,1,875,2
3327,0,15,5629432,629450,137704,197509,240504,0,228170,3,3967,1,612,0
3328,6,12,611511,52814,317382,130699,560390,1,499553,0,1268,3,128,1
3329,6,12,720463,81791,405518,162687,228239,0,106955,3,924,0,140,1
3330,0,14,4224290,655542,193467,280146,81485,3,346366,0,3761,1,634,0
3331,7,2,5448222,273307,169941,120532,393012,0,434421,0,1958,3,640,0
3332,4,3,5101916,125227,74012,65548,390930,0,384165,0,4014,2,923,2
3333,1,14,1712899,91532,42409,75661,279566,0,287229,0,2484,1,844,2
3334,0,9,3287770,517070,297577,217135,167992,3,438977,0,1100,3,329,1
3335,5,11,9377208,918070,110900,137390,503882,1,107566,3,2252,1,845,2
3336,3,17,3317919,106531,29943,129484,119350,3,60785,2,754,0,962,2
3337,6,7,738967,61775,240024,180833,369832,0,158831,3,1870,3,688,0
3338,1,0,1584674,67418,94384,204979,298521,0,412413,0,519,0,207,1
3339,2,6,60720,19865,9625,44067,52642,2,74707,2,552,0,874,2
3340,2,17,85936,18608,7896,255706,347385,0,101593,3,4148,2,267,1
3341,5,11,6075341,440692,365762,274149,220250,0,150600,3,4510,2,678,0
3342,1,8,3149001,83289,35190,63156,133249,3,295032,0,3428,1,575,0
3343,4,17,6120382,174091,119021,107392,301172,0,229884,3,3105,1,223,1
3344,7,11,7077365,755222,588722,173770,391928,0,134561,3,1428,3,89,3
3347,8,17,2660568,180741,59094,140766,302338,0,447451,0,4450,2,98,3
3348,6,7,631290,78422,475552,282382,517567,1,101370,3,3444,1,194,1
3349,2,3,75362,17822,11986,178302,321834,0,215620,3,2183,1,818,2
3350,1,11,3554653,66475,32292,205362,591564,1,160574,3,1540,3,705,0
3351,0,1,4108860,690156,335276,43936,64201,3,201125,3,4454,2,192,1
3353,6,13,851008,82839,563663,64331,566393,1,240505,3,1151,3,319,1
3354,2,12,68929,27440,11647,161485,197887,3,194372,3,4851,2,800,2
3355,7,14,6682824,690630,306403,276293,214478,0,168254,3,4384,2,349,1
3356,7,3,6361280,881512,311544,92744,500972,1,110059,3,3829,1,722,0
3357,5,1,5631045,600184,175431,285092,201842,0,56829,2,1412,3,162,1
3358,1,4,1672424,81777,70233,189465,281672,0,130101,3,2844,1,793,0
3359,3,9,4816975,88316,96264,242829,174259,3,152779,3,873,0,237,1
3360,6,10,861670,99263,147343,287808,356010,0,59646,2,1903,3,417,1
3361,0,12,5476238,648356,202924,296628,420054,1,156794,3,2447,1,915,2
3362,2,13,63842,22106,6056,163273,56764,2,416689,0,4200,2,118,1
3363,7,13,7091326,597063,296914,249687,117602,3,37184,2,1590,3,688,0
3364,2,17,73986,18891,12148,215023,575548,1,347410,0,1806,3,523,0
3365,1,7,3913525,59429,30462,198287,91357,3,105144,3,2068,1,692,0
3366,0,12,4067905,575305,257167,251993,522180,1,407655,0,3860,1,121,1
3367,0,1,4696579,562949,151546,30500,514077,1,394275,0,560,0,242,1
3368,4,8,7193292,105187,89067,140708,294012,0,445256,0,2962,1,241,1
3369,1,8,3512124,90874,35477,192855,578298,1,26236,1,753,0,66,3
3370,3,8,3213407,193728,56472,138080,315107,0,422166,0,3497,1,261,1
3371,2,14,83197,19115,7005,39785,560298,1,264751,0,4700,2,163,1
3372,0,5,3978162,571500,279212,107633,454987,1,199659,3,2845,1,433,1
3373,6,1,913035,83309,579148,36847,324992,0,270250,0,544,0,784,0
3374,4,7,6024677,102809,134062,238691,335111,0,431673,0,3198,1,672,0
3375,2,4,65645,25694,5537,216509,257467,0,143902,3,1863,3,293,1
3376,0,2,3262740,614733,273800,53317,559622,1,26670,1,1107,3,834,2
3377,4,6,4482178,109594,97651,90241,332555,0,431311,0,3851,1,65,3
3378,0,18,4124895,590459,139371,48074,420865,1,476047,0,988,0,547,0
3379,2,6,35050,20703,8974,36169,438827,1,375019,0,3149,1,567,0
3380,0,16,3134115,517714,113693,284394,354077,0,190838,3,3122,1,567,0
3381,2,1,17087,20298,5287,143681,354836,0,161733,3,4920,2,748,0
3382,1,15,2522012,70876,66335,31206,418415,1,214578,3,1482,3,937,2
3383,4,4,7322871,244105,91177,125455,73839,3,427778,0,4877,2,283,1
3384,3,3,2605577,112204,26543,157147,319959,0,297249,0,3812,1,542,0
3385,2,13,88731,18273,6131,44665,589396,1,182753,3,1938,3,112,1
3386,8,0,2874755,197393,123013,152696,517786,1,248720,3,545,0,650,0
3387,4,19,5035340,176877,143749,41949,98273,3,190359,3,3418,1,629,0
3388,5,11,6768339,837044,596808,75413,111388,3,295024,0,4653,2,523,0
3389,7,18,8824882,279877,238680,86722,194905,3,97392,2,2237,1,796,0
3390,1,17,2410125,91640,54011,222411,500788,1,331318,0,4546,2,469,1
3391,2,2,92267,30085,11396,79044,427652,1,442924,0,1693,3,397,1
3392,1,16,3858576,54789,54538,292259,306173,0,92977,2,2889,1,218,1
3394,4,14,6244768,154834,139442,39040,453905,1,152969,3,4817,2,513,0
3395,5,7,9579231,339663,140179,91006,506146,1,105449,3,2430,1,424,1
3397,2,3,26541,24572,12351,90963,140683,3,168089,3,3561,1,633,0
3398,3,7,3909185,184010,32181,268503,442797,1,361237,0,3300,1,414,1
3399,2,12,30007,27538,9797,49852,399232,0,102627,3,2037,1,355,1
3400,0,9,3265474,513049,203081,257039,315792,0,476079,0,3790,1,965,2
3401,3,4,3781244,107788,71910,182123,453709,1,482762,0,2144,1,683,0
3402,0,17,4510657,683412,265893,267263,480889,1,99441,2,853,0,549,0
3403,5,7,8922537,126198,423539,283529,93363,3,151638,3,670,0,183,1
3404,4,13,7985314,128817,76259,299216,588354,1,336662,0,1351,3,286,1
3405,7,11,8023207,260017,184032,95558,96793,3,393433,0,1959,3,556,0
3406,8,9,2244168,198327,143245,132515,285421,0,186839,3,4294,2,627,0
3407,3,10,4268097,159242,47593,120958,216862,0,91766,2,2856,1,417,1
3408,0,4,3755380,689604,352639,218355,414908,1,252590,0,1424,3,169,1
3409,4,0,7526237,226838,90486,193844,463632,1,408227,0,4661,2,859,2
3410,7,17,6500415,717269,544153,151736,407627,1,272226,0,910,0,97,3
3411,4,17,3707440,191525,92121,38927,82243,3,89776,2,3086,1,688,0
3412,7,2,7926136,864024,316032,59544,371282,0,470411,0,4617,2,326,1
3414,3,2,3583968,159815,88482,157007,390727,0,324660,0,2341,1,654,0
3415,3,7,3415503,116665,99216,97785,487652,1,330011,0,4266,2,144,1
3416,2,0,70843,21040,10682,78813,279624,0,61942,2,2413,1,335,1
3417,6,9,949194,94756,255053,64339,483956,1,166105,3,4323,2,687,0
3418,3,17,2491538,150591,29677,53023,66433,3,67236,2,2441,1,192,1
3419,1,13,2644642,81733,80865,201002,422798,1,197498,3,2795,1,208,1
3420,0,17,3961130,683563,152880,265928,287180,0,257151,0,2309,1,414,1
3421,8,19,2663062,157169,111226,169334,386917,0,365507,0,4552,2,798,0
3422,4,18,4384583,150009,124468,171958,361580,0,209966,3,2573,1,146,1
3423,0,5,5489926,559602,325630,179931,369112,0,364388,0,964,0,648,0
3424,8,1,2458333,186783,31057,128994,151105,3,212896,3,1403,3,759,0
3425,6,2,868176,54790,207828,42485,344837,0,326640,0,2094,1,751,0
3426,2,1,29635,30108,6640,290947,218947,0,180207,3,1684,3,922,2
3427,3,15,3971295,182739,30506,168345,127256,3,253462,0,949,0,250,1
3428,4,15,4364838,115595,117127,120816,393177,0,241247,3,3740,1,147,1
3429,7,14,6510749,489357,466058,129058,153504,3,466222,0,4181,2,997,2
3430,6,9,319763,55729,113655,260535,249897,0,307152,0,4256,2,542,0
3431,5,10,9786342,437602,77204,164646,308809,0,434849,0,3920,1,181,1
3432,7,5,6313845,311511,411019,221709,599856,1,319039,0,2555,1,883,2
3433,8,6,2768040,141967,32663,46121,264735,0,441096,0,1593,3,521,0
3434,0,15,4024902,583421,240937,265432,302638,0,63717,2,3359,1,423,1
3435,7,14,8006764,646671,394280,168489,507906,1,251184,0,1541,3,176,1
3436,3,3,4568071,198820,39409,284673,236112,0,235564,3,4198,2,844,2
3437,7,3,6397324,327195,539342,58856,222614,0,254861,0,4030,2,880,2
3438,6,8,709737,65788,420001,67970,170690,3,306019,0,2408,1,990,2
3439,7,9,8711720,381617,518635,236300,274111,0,437953,0,2025,1,495,1
3440,3,3,3993000,96439,93317,293738,583303,1,332476,0,3355,1,897,2
3441,5,13,11774347,781689,275034,156107,454044,1,256798,0,4992,2,187,1
3442,2,16,56557,17174,11539,187482,437893,1,131750,3,1374,3,530,0
3443,8,15,2757080,179223,70553,261083,507971,1,476484,0,1993,3,415,1
3444,0,15,4353443,527996,356332,238475,264563,0,125950,3,4985,2,644,0
3445,7,15,7062697,305814,370634,74358,182946,3,414426,0,677,0,110,1
3446,1,19,2290808,55706,72958,66292,86409,3,209231,3,883,0,993,2
3447,2,17,51390,18148,8155,121155,366169,0,284126,0,3462,1,871,2
3448,5,4,8349029,696783,115750,123160,482952,1,58931,2,1970,3,236,1
3449,5,9,11900856,576608,617392,130070,261657,0,443206,0,3944,1,149,1
3450,5,4,8820617,526800,70692,281924,593990,1,366956,0,2904,1,845,2
3451,6,0,631125,86255,211287,232248,98627,3,172734,3,1320,3,674,0
3452,8,1,3061994,132578,60398,163558,121072,3,442417,0,582,0,937,2
3453,8,11,2611694,180630,53539,110419,324552,0,186704,3,4270,2,860,2
3454,5,3,7548371,990798,582193,185994,552711,1,119706,3,3717,1,371,1
3455,7,12,6691707,894399,397165,100949,283391,0,241156,3,1664,3,482,1
3456,0,6,5324034,566421,163327,259281,373475,0,272870,0,1694,3,894,2
3457,1,8,3783288,70898,87393,105523,293359,0,343704,0,1359,3,104,1
3458,4,17,5407000,199612,113306,90697,579387,1,324907,0,555,0,728,0
3459,8,4,2443377,166007,133117,248298,342810,0,340678,0,872,0,680,0
3460,7,11,5040666,801516,160422,133318,553108,1,39611,2,1820,3,664,0
3461,7,9,8070736,290598,440950,84233,438815,1,106041,3,3379,1,96,3
3462,6,1,368472,50202,419134,24866,534102,1,220113,3,3058,1,816,2
3463,2,4,21921,16305,7697,73530,556053,1,483909,0,4785,2,73,3
3464,0,15,5875792,553828,334158,168554,558367,1,393072,0,2452,1,295,1
3465,7,19,8267432,331348,431229,246190,499808,1,348672,0,4672,2,645,0
3466,6,2,632238,83973,549254,174510,52599,2,267698,0,850,0,50,3
3467,2,0,44055,17860,12100,245935,175491,3,322394,0,4133,2,604,0
3468,0,7,5557245,557251,293419,274181,159079,3,490306,0,958,0,723,0
3469,7,2,5237324,256372,164736,107853,224433,0,358997,0,2127,1,295,1
3470,7,7,8757641,779505,215033,95296,509086,1,424785,0,2261,1,193,1
3471,6,6,573147,61804,167576,62484,400178,1,66935,2,2349,1,405,1
3472,6,17,472134,59079,552601,59540,405747,1,371437,0,3504,1,394,1
3473,3,8,2807996,94137,43539,179851,343419,0,300037,0,3342,1,113,1
3474,4,6,6767238,149267,98178,150300,398186,0,284766,0,3125,1,862,2
3475,5,5,6602018,478791,632766,156142,132918,3,430341,0,2807,1,318,1
3476,5,4,11221173,371155,533742,58140,66411,3,465944,0,3412,1,445,1
3477,7,5,8698480,437959,333017,45820,129151,3,157368,3,3327,1,311,1
3478,4,13,4827984,247053,78498,67694,201462,0,319256,0,1739,3,691,0
3479,4,4,3615442,167488,137364,98899,257299,0,87061,2,3343,1,306,1
3480,1,8,2783794,62527,90551,273022,139806,3,316120,0,1526,3,138,1
3481,0,19,3676568,578633,267685,148060,161300,3,305096,0,2134,1,877,2
3482,1,8,3427904,68545,76106,41494,389788,0,422270,0,4781,2,748,0
3483,2,10,18958,29169,9165,275687,484065,1,206329,3,2295,1,392,1
3484,3,18,4754121,118052,57135,120924,557220,1,465948,0,3431,1,708,0
3485,0,14,3058503,592115,103425,233231,374262,0,448945,0,4468,2,533,0
3486,1,10,1996288,69179,61964,120725,207965,0,232617,3,4960,2,901,2
3487,4,11,7955777,109904,71389,174869,131773,3,412420,0,3749,1,930,2
3488,1,16,1621281,84511,74989,182852,62820,3,130786,3,3263,1,986,2
3489,8,11,2975476,196874,46983,91376,396890,0,219549,3,940,0,899,2
3490,5,3,7000873,247610,313528,34513,494358,1,284606,0,4399,2,495,1
3491,5,17,10072535,867313,538877,183180,315802,0,200333,3,1460,3,312,1
3492,0,16,5709343,657890,191145,119897,232018,0,449395,0,3700,1,810,2
3493,1,19,3074067,59052,86797,47896,217900,0,405777,0,4716,2,929,2
3494,6,14,968390,97250,351185,128934,555365,1,152086,3,3307,1,594,0
3495,7,10,8115798,851851,296261,295049,261022,0,347264,0,2282,1,630,0
3496,8,1,2048399,60237,144096,222161,168953,3,227307,3,1650,3,230,1
3497,2,17,81666,24916,6383,283651,220824,0,64018,2,943,0,663,0
3498,6,10,582456,55920,571165,177497,105503,3,124848,3,735,0,704,0
3499,2,9,22874,22782,11502,267552,437182,1,77921,2,3737,1,415,1
3500,3,7,1821747,115785,40849,107145,187774,3,286695,0,3161,1,687,0
3501,2,6,25777,26867,6602,226150,439231,1,371204,0,4434,2,704,0
3502,8,8,2863415,150416,123634,160870,197619,3,89798,2,1577,3,577,0
3503,0,19,3202958,654127,160583,135715,400644,1,105929,3,3663,1,912,2
3504,1,14,2734728,79615,54383,185536,543849,1,464033,0,4977,2,270,1
3505,5,15,5665209,145841,345741,224825,342028,0,91642,2,1235,3,73,3
3506,4,16,3591555,118498,113827,113509,62814,3,251792,0,2582,1,740,0
3507,2,13,84790,20533,8521,275312,410391,1,399334,0,1819,3,758,0
3508,3,5,2366392,104245,71801,209040,486128,1,355579,0,2119,1,601,0
3509,1,6,3344152,60597,50458,271130,558517,1,213438,3,2089,1,412,1
3510,6,2,596276,53776,457105,170271,51103,2,371476,0,2645,1,210,1
3511,0,12,3968680,557517,251273,108631,270932,0,136797,3,4731,2,295,1
3512,1,9,3111206,81513,40771,271034,418771,1,284213,0,3246,1,371,1
3513,3,5,4443487,126229,63298,135785,427056,1,420668,0,4340,2,527,0
3514,2,10,83348,15662,6170,129381,473536,1,174154,3,3717,1,556,0
3515,7,15,7319179,725452,380667,99331,255202,0,275891,0,3203,1,954,2
3516,6,1,958863,90791,355495,35422,272343,0,359202,0,2486,1,367,1
3517,2,4,19925,17547,10962,218797,122014,3,206145,3,1205,3,892,2
3518,0,5,5399660,703374,398280,199462,258460,0,70803,2,4771,2,112,1
3519,0,1,3055475,679979,189576,203640,160518,3,459419,0,1406,3,348,1
3520,1,15,3732922,74324,93475,242067,101550,3,200519,3,1371,3,150,1
3521,5,9,10867071,150035,77421,165790,499804,1,314176,0,3606,1,825,2
3522,2,4,26805,26816,11791,47304,291795,0,132703,3,1656,3,387,1
3523,7,7,5244637,228533,403747,159617,595598,1,465377,0,4179,2,281,1
3524,1,5,2266258,51498,37438,154689,102443,3,185057,3,3274,1,718,0
3525,0,14,4326982,506871,327856,92192,544445,1,40110,2,4911,2,220,1
3526,6,4,911433,76069,264773,88309,101429,3,417751,0,4273,2,428,1
3527,4,17,3613522,232903,80609,131884,513282,1,227870,3,4180,2,205,1
3528,3,10,4940858,171747,83854,37356,478887,1,105087,3,2552,1,903,2
3529,1,3,1538461,80298,60668,102915,303031,0,189618,3,1475,3,375,1
3530,1,6,2768690,83709,31243,249974,181614,3,162538,3,2762,1,200,1
3531,5,6,11992081,901261,202335,288570,342649,0,29012,1,877,0,82,3
3532,8,16,3386983,175053,120068,226921,513866,1,273241,0,1805,3,556,0
3533,8,17,2947189,196538,25594,42335,350490,0,39428,2,2339,1,143,1
3534,8,1,2524971,195490,52115,31084,104409,3,381168,0,3738,1,128,1
3535,6,10,559244,78141,153870,178370,103958,3,427364,0,2353,1,501,0
3536,3,16,1747943,98785,51904,225900,561704,1,42534,2,2738,1,224,1
3537,2,1,90379,27522,5214,121663,157684,3,133888,3,1827,3,301,1
3538,3,19,1760659,109712,90531,256976,78314,3,356810,0,3533,1,699,0
3539,7,11,7519780,279723,160546,250621,391257,0,53653,2,2295,1,914,2
3540,2,6,98659,27038,8341,94235,188486,3,362244,0,923,0,163,1
3541,3,8,3697079,122858,47807,66303,406886,1,180787,3,2594,1,811,2
3542,6,16,257273,78798,145580,181571,343472,0,332663,0,3310,1,492,1
3543,1,1,2468248,63718,36069,64255,526171,1,22145,1,1617,3,63,3
3544,2,0,74188,20013,6039,137109,371596,0,156424,3,1754,3,936,2
3545,5,14,10262602,125376,345042,47236,252066,0,90386,2,1382,3,375,1
3546,8,13,1502242,104820,54001,298415,437085,1,380788,0,3274,1,659,0
3547,0,13,3528536,585356,276071,128789,326529,0,28149,1,2897,1,930,2
3548,0,14,4223275,536271,354553,217257,575850,1,130082,3,4022,2,921,2
3549,6,13,533984,74448,568984,96142,150747,3,166760,3,1235,3,486,1
3550,1,9,3417774,75932,83118,215749,362482,0,413120,0,1586,3,665,0
3551,1,6,1542798,57795,31318,65658,85078,3,488536,0,1215,3,270,1
3552,8,14,2113222,171144,93691,134457,504290,1,408785,0,1341,3,215,1
3553,3,3,3546246,88031,54596,215428,253573,0,33808,2,3008,1,530,0
3554,2,12,89153,15335,10149,147560,550974,1,124256,3,4061,2,320,1
3555,2,18,61370,25271,5326,221041,129923,3,427512,0,4222,2,481,1
3556,4,9,4772497,183696,75693,256998,145214,3,113917,3,1690,3,566,0
3557,4,13,6390802,174907,117157,268025,79899,3,366373,0,1380,3,159,1
3558,8,10,3191444,91960,74210,152409,485787,1,245655,3,3455,1,434,1
3559,0,18,4176758,648888,339470,283681,554191,1,282618,0,2960,1,832,2
3560,5,5,10097457,779227,426009,95885,270802,0,246149,3,592,0,344,1
3561,7,19,6594342,282189,293828,292832,417481,1,496010,0,2939,1,80,3
3562,2,8,80939,25245,12453,100976,551866,1,173001,3,3940,1,400,1
3563,3,18,2031652,165331,74904,100660,383470,0,453212,0,3127,1,703,0
3564,8,16,2347532,193010,109443,219727,170793,3,149678,3,1935,3,609,0
3567,4,1,8000467,145835,138785,279671,221038,0,304779,0,1217,3,368,1
3568,8,1,1879499,153705,77023,78274,299056,0,45455,2,3768,1,454,1
3569,7,13,8905370,420359,312240,41382,144905,3,337597,0,911,0,902,2
3570,4,19,5661547,138419,87470,41983,339135,0,90507,2,3039,1,719,0
3571,8,4,3038520,178022,147759,70769,99203,3,89214,2,733,0,188,1
3572,3,4,3342124,110472,77593,222883,122141,3,152910,3,958,0,257,1
3573,0,6,3258154,630262,358298,193807,507371,1,185439,3,3735,1,435,1
3574,3,18,2021008,104317,93714,145657,178305,3,199950,3,4837,2,408,1
3575,1,11,3996520,74695,52953,147404,501222,1,393329,0,4586,2,963,2
3576,5,2,6382550,140825,404449,83383,129852,3,292538,0,1668,3,438,1
3577,7,11,8063839,391462,536201,260986,232531,0,198379,3,1247,3,857,2
3578,4,11,4584160,181389,132383,278203,491642,1,286577,0,558,0,512,0
3579,3,2,3813009,189370,39277,257308,397222,0,373644,0,4901,2,702,0
3580,8,18,1836171,102005,146472,60744,194729,3,236597,3,3719,1,871,2
3581,3,0,2467211,137081,79466,35140,548183,1,383048,0,1074,3,395,1
3582,4,19,5397120,180163,144712,273597,85390,3,396726,0,3252,1,979,2
3583,7,13,7764347,474995,156368,55635,431533,1,495359,0,1373,3,219,1
3584,6,16,731000,50748,127837,223434,314670,0,424474,0,2979,1,915,2
3585,0,19,5598612,624340,211410,127064,92876,3,131130,3,2359,1,348,1
3586,2,19,25576,27787,6930,53776,200895,0,413800,0,1868,3,524,0
3587,8,10,3291356,188171,60049,253204,311720,0,383364,0,4741,2,688,0
3588,1,14,1740169,70253,81645,288826,452373,1,423889,0,1857,3,535,0
3589,4,2,6719691,117004,82019,125102,181936,3,499121,0,2609,1,643,0
3590,1,19,3402084,86682,81960,106907,469561,1,31649,2,1211,3,746,0
3592,8,5,2603669,179146,134109,231149,438630,1,27232,1,3410,1,214,1
3593,3,2,3674159,76217,76520,168520,102813,3,414825,0,4916,2,481,1
3594,7,8,7584608,739107,222688,40201,204285,0,350769,0,3822,1,636,0
3595,7,4,7768368,433842,290028,99950,408652,1,54812,2,2685,1,377,1
3596,2,18,38344,18195,11471,136174,143006,3,269375,0,858,0,781,0
3597,2,14,33764,28911,6808,154330,401514,1,201691,3,1305,3,451,1
3598,1,7,2452439,84240,90914,193332,271853,0,460814,0,3478,1,963,2
3599,7,15,6960068,532323,223689,67681,428479,1,54310,2,1450,3,242,1
3600,3,4,3432726,152180,86361,194735,512619,1,387405,0,3926,1,613,0
3601,4,13,5069642,185609,104911,166965,544424,1,83712,2,3225,1,393,1
3602,7,15,8532797,267360,558912,246006,409265,1,261905,0,1577,3,71,3
3603,0,12,3071665,575893,229655,247133,181245,3,104977,3,3131,1,785,0
3604,1,17,1856867,65434,52839,207537,277925,0,142865,3,3037,1,995,2
3605,7,11,6813650,515177,535679,268829,199646,3,240251,3,3343,1,589,0
3606,4,13,6460147,129844,86622,99474,335331,0,181394,3,2579,1,391,1
3607,8,4,3428438,78930,67156,205496,67942,3,29301,1,2698,1,818,2
3608,5,12,6638586,982927,240482,221589,319722,0,309108,0,3442,1,720,0
3609,1,9,2219381,89528,86773,194664,359515,0,278829,0,910,0,262,1
3610,5,10,11295038,842333,123597,221285,242396,0,84299,2,1550,3,390,1
3611,6,3,971981,92194,561938,167669,405822,1,23220,1,1436,3,264,1
3612,6,19,250489,75841,496662,135778,179186,3,466991,0,4600,2,959,2
3613,8,4,2799512,71325,144940,114591,405218,1,64851,2,785,0,436,1
3614,3,5,4123436,164914,59490,134640,452354,1,190123,3,3540,1,448,1
3615,2,15,81318,15671,10073,71003,361247,0,362289,0,779,0,610,0
3616,8,13,3063869,77732,108278,183588,263137,0,188998,3,4943,2,216,1
3617,2,13,20320,18339,9876,184193,438682,1,341557,0,3301,1,604,0
3620,2,5,64255,15402,5324,52472,118368,3,158314,3,2735,1,387,1
3621,4,7,4520902,218178,142139,128386,253211,0,388409,0,1283,3,378,1
3622,3,16,2174152,173145,73905,36980,193455,3,493517,0,898,0,890,2
3623,8,6,3007908,112984,108664,196538,77779,3,379591,0,4281,2,188,1
3624,6,5,836327,63665,398336,166705,324613,0,420012,0,3373,1,624,0
3625,6,7,979972,60057,583789,246008,424353,1,435904,0,1727,3,925,2
3626,8,10,3010819,151246,123714,221573,378593,0,491154,0,796,0,755,0
3627,3,3,2585554,160379,41947,84294,350920,0,100566,3,3657,1,343,1
3628,4,8,7845165,100994,75235,166258,388357,0,321465,0,4020,2,272,1
3629,4,11,6690579,233250,75804,213969,131655,3,161566,3,2683,1,740,0
3630,0,7,5471129,514629,270365,226804,445364,1,212055,3,4233,2,288,1
3631,2,11,57284,22142,10655,136973,504082,1,93699,2,3440,1,56,3
3632,8,0,1659011,165157,144702,184574,103231,3,385999,0,3718,1,429,1
3633,1,17,2798372,57632,55114,209072,313569,0,71744,2,3656,1,811,2
3634,3,19,4906754,100014,51357,218239,173213,3,421392,0,2001,1,220,1
3635,0,16,5602004,583333,123434,23340,561839,1,107252,3,3872,1,470,1
3636,1,4,3355593,62420,81324,71858,577800,1,473768,0,4341,2,368,1
3637,1,14,1982467,65184,39190,85971,114332,3,265244,0,570,0,96,3
3638,0,14,4050257,511123,158447,59813,468271,1,273004,0,2287,1,249,1
3639,4,3,4271297,181258,82934,103537,534511,1,144622,3,4335,2,817,2
3640,8,4,2095631,104732,58056,188929,527455,1,183185,3,1505,3,455,1
3641,6,11,273749,88397,377209,83863,222335,0,373229,0,4702,2,84,3
3642,4,7,4756260,169516,104874,125872,225484,0,336191,0,4415,2,370,1
3643,6,3,992717,63061,317739,92993,227711,0,183678,3,3047,1,248,1
3644,2,19,46833,16261,9309,136613,112805,3,323635,0,4829,2,782,0
3646,8,12,1673740,112108,32298,286425,271292,0,307171,0,4395,2,404,1
3647,0,16,4059714,539225,323699,274740,440267,1,486479,0,3338,1,272,1
3648,4,4,4688716,208389,123103,246836,83313,3,87294,2,991,0,178,1
3649,5,10,7371718,827414,532582,89643,103666,3,146127,3,1401,3,704,0
3650,6,6,516863,53479,51169,46777,166827,3,82588,2,2833,1,685,0
3651,2,8,57676,16167,8077,42068,181632,3,170783,3,1793,3,519,0
3652,7,9,5187010,744496,551005,88863,493754,1,365890,0,4224,2,512,0
3653,3,9,1563997,112829,97173,286227,278679,0,432476,0,1885,3,149,1
3654,8,11,1661295,103813,43601,84333,337974,0,63498,2,3280,1,664,0
3655,0,12,5961258,580290,160019,130139,479589,1,355579,0,558,0,356,1
3656,4,17,4608706,197147,73266,57998,140409,3,172349,3,2172,1,308,1
3657,3,8,4068690,133783,35644,116272,144785,3,305650,0,4892,2,169,1
3658,1,2,1878267,79659,90396,118813,545760,1,281342,0,1611,3,771,0
3659,5,5,8374214,366658,509860,31001,371770,0,113366,3,714,0,221,1
3660,4,19,4901338,138513,113517,160145,490519,1,441568,0,1356,3,879,2
3661,7,8,7123760,530971,396046,246349,136129,3,58323,2,3061,1,393,1
3662,0,11,4088511,600799,189714,279048,175625,3,156051,3,1064,3,652,0
3664,3,6,3314660,167183,41542,161037,138215,3,26567,1,4209,2,244,1
3665,2,4,87017,22088,12122,161459,570716,1,391480,0,4203,2,818,2
3666,5,14,11207399,134441,621366,37843,61659,3,105797,3,4261,2,435,1
3667,7,10,7365854,512298,493516,30981,474844,1,214543,3,1949,3,965,2
3668,6,6,309329,96963,137107,64639,206663,0,94849,2,2064,1,653,0
3669,1,0,2526210,86371,94634,224306,87992,3,428143,0,2242,1,735,0
3670,7,13,8688059,799032,473856,271714,67398,3,405870,0,4355,2,660,0
3671,1,5,2771578,91880,83119,221766,199764,3,480151,0,3900,1,226,1
3672,5,8,6336194,750541,126558,299125,462228,1,338140,0,4579,2,974,2
3673,2,15,88120,18380,8288,94454,430964,1,259531,0,3532,1,386,1
3674,2,17,93520,30085,12381,283833,85484,3,425275,0,623,0,687,0
3675,7,18,6677198,682916,147851,261220,320596,0,442014,0,3013,1,139,1
3676,5,16,8740003,326542,423531,276708,444748,1,216831,3,1628,3,613,0
3677,4,18,6335922,188756,149781,281417,140140,3,26925,1,2655,1,236,1
3678,2,1,15383,27566,8323,108176,132799,3,228491,3,3203,1,435,1
3679,3,7,2258042,185883,32259,129755,432417,1,399358,0,772,0,738,0
3680,7,3,6063182,339697,426897,276395,256304,0,359720,0,3667,1,157,1
3682,1,18,3537759,83563,47894,191285,561844,1,356012,0,2452,1,146,1
3683,0,8,5852616,500780,299277,96334,429369,1,486517,0,1506,3,87,3
3684,0,9,3954079,519876,305584,31609,445935,1,147247,3,1319,3,351,1
3685,0,6,3282329,647576,218828,204823,105096,3,466828,0,1611,3,492,1
3686,1,5,3960528,56422,94744,166032,194226,3,428751,0,4004,2,709,0
3688,8,0,3389538,158448,131892,51147,258074,0,435049,0,3180,1,921,2
3689,1,12,3719256,58036,78456,260476,205465,0,164028,3,4895,2,244,1
3690,1,6,2153897,89024,84824,188275,328767,0,166958,3,1738,3,323,1
3691,0,11,4921355,582258,342963,57385,83408,3,265586,0,4493,2,469,1
3692,4,7,7844886,195047,109162,296418,194106,3,196274,3,1507,3,185,1
3693,1,5,2894806,82745,91717,93145,563448,1,226013,3,3704,1,410,1
3694,2,14,59501,20211,8262,49334,357536,0,456161,0,2691,1,203,1
3695,8,3,3119762,98419,84204,105355,128442,3,293144,0,2158,1,400,1
3696,8,12,1597275,162150,108799,194615,417439,1,264982,0,929,0,137,1
3697,1,17,2031423,61734,54834,162519,199262,3,481731,0,3325,1,646,0
3698,8,15,1845085,168387,94248,289812,187443,3,240136,3,1668,3,178,1
3699,1,16,2081683,80978,66321,197849,319779,0,142522,3,4091,2,446,1
3700,3,0,2961414,78387,50551,101438,221040,0,422569,0,4692,2,632,0
3701,2,7,25511,18562,8339,43286,389123,0,158857,3,4112,2,201,1
3702,1,12,3083379,73423,69593,232160,391506,0,33466,2,2169,1,664,0
3703,6,12,303812,71576,386963,183868,308411,0,444649,0,915,0,465,1
3704,3,10,3680792,160526,57808,38460,431173,1,287151,0,4708,2,140,1
3705,5,3,7238912,366788,453827,298591,222081,0,20563,1,4933,2,962,2
3706,8,13,2979793,85855,90047,122144,169924,3,412994,0,581,0,954,2
3707,4,1,4368774,156610,131212,273007,447005,1,433518,0,1811,3,370,1
3708,0,10,3928319,649789,331679,130655,422341,1,335683,0,664,0,369,1
3709,1,13,3469280,60530,63968,20519,198565,3,299874,0,1220,3,690,0
3710,7,0,5789103,731937,398857,242711,521236,1,227040,3,1983,3,509,0
3711,2,16,71872,16312,10684,156957,352518,0,475707,0,2300,1,201,1
3712,8,2,2892207,51265,130602,52022,278292,0,464316,0,846,0,823,2
3713,4,7,4768634,171443,120678,195755,339877,0,414491,0,3490,1,679,0
3714,4,10,4277230,181045,104828,155694,486940,1,458062,0,2618,1,877,2
3715,2,10,64667,16098,8506,41650,434654,1,224803,3,3580,1,561,0
3716,0,1,3502651,575064,315156,192121,310228,0,357232,0,1491,3,363,1
3717,3,1,3034523,152805,30077,140541,570692,1,492837,0,4534,2,150,1
3718,7,1,5866210,258656,172412,87554,385634,0,74525,2,1391,3,908,2
3719,0,3,5006435,530762,129332,236597,87592,3,333986,0,980,0,816,2
3720,3,8,2595112,160367,31572,96038,203631,0,251121,0,2822,1,499,1
3721,8,5,2104996,50988,102996,238125,360122,0,195443,3,3568,1,475,1
3722,7,18,8490222,760395,129407,150636,157099,3,170629,3,2344,1,453,1
3723,1,12,3504203,93055,79225,86098,330664,0,351641,0,1138,3,60,3
3724,3,6,3985557,176958,81793,139725,308744,0,425876,0,2660,1,812,2
3725,1,6,3325309,50018,70807,298000,219215,0,389727,0,769,0,76,3
3726,2,0,63503,16373,5623,171100,461740,1,145253,3,3424,1,260,1
3727,6,9,787492,74641,584919,80360,561240,1,257132,0,1219,3,282,1
3728,1,12,2250837,93990,81202,115314,60829,3,293782,0,1163,3,764,0
3729,0,5,4072550,529360,328106,124001,260241,0,414855,0,2392,1,903,2
3730,8,5,3102982,133672,111041,153576,439775,1,453166,0,2919,1,757,0
3731,8,8,3089126,114752,34918,62023,88920,3,336096,0,2138,1,212,1
3732,6,18,368406,80667,144737,166595,160100,3,40228,2,1411,3,716,0
3733,6,11,729624,96446,386729,80057,212620,0,326014,0,1035,3,121,1
3734,6,11,574057,63589,245860,202791,179958,3,142989,3,3801,1,929,2
3735,1,8,3781126,64997,47727,32964,451431,1,357362,0,2002,1,113,1
3736,5,16,6075105,429510,239567,197272,496325,1,66493,2,2202,1,617,0
3737,2,2,44600,24433,5030,38199,247070,0,448299,0,3752,1,264,1
3738,0,11,5763833,529575,345458,194138,529808,1,230335,3,4727,2,740,0
3739,4,5,7585950,164381,121897,74488,119527,3,341115,0,1651,3,416,1
3740,4,11,6387265,185596,80604,63453,236791,0,49419,2,2951,1,352,1
3741,8,4,2876382,107149,121964,89784,154863,3,373412,0,1786,3,741,0
3742,7,17,7323719,721365,573232,218136,423151,1,440455,0,1023,3,525,0
3743,8,16,2418304,159178,110842,297911,177251,3,246873,3,1638,3,271,1
3744,2,17,64406,20123,12209,152697,241483,0,230926,3,3446,1,454,1
3745,0,9,5247755,507364,270809,290663,270943,0,125967,3,2763,1,914,2
3746,7,11,5807404,295685,379552,201257,314547,0,293255,0,3344,1,246,1
3747,2,3,70071,15951,8480,268340,92399,3,449746,0,4815,2,491,1
3748,6,18,635947,73570,422680,21982,512197,1,218700,3,1384,3,380,1
3749,5,14,8662409,681942,212544,187759,298204,0,185130,3,2676,1,603,0
3750,7,6,5990826,586279,378611,194115,484062,1,292178,0,3478,1,456,1
3751,1,0,3601514,66103,89847,115842,488171,1,484328,0,2694,1,877,2
3752,2,12,63338,18220,10706,289251,233251,0,271118,0,4879,2,360,1
3753,0,18,3896778,554846,232091,262151,542301,1,136835,3,2087,1,926,2
3754,1,11,2993449,60863,48893,39796,504827,1,295545,0,4797,2,345,1
3756,6,13,833366,92660,352937,113188,569402,1,170527,3,2783,1,211,1
3757,2,4,57666,16766,5736,244187,70480,3,291847,0,645,0,661,0
3758,6,11,697123,58844,509236,219061,384871,0,254372,0,872,0,780,0
3759,2,4,50907,21008,9617,91178,96004,3,251111,0,2336,1,64,3
3760,0,5,5823253,513871,210424,217152,256235,0,394110,0,4864,2,372,1
3761,8,1,1558219,91126,109549,22401,534660,1,122593,3,3342,1,600,0
3762,8,4,2460160,134491,105787,274757,242057,0,397356,0,3310,1,271,1
3763,1,4,2935369,81324,82004,65445,197983,3,183758,3,4507,2,732,0
3764,8,12,1709184,197434,48595,118390,138990,3,494195,0,2930,1,880,2
3765,2,13,17885,24537,10679,110315,181734,3,30567,2,3139,1,841,2
3767,4,18,7007245,187590,94635,161972,241659,0,61407,2,4828,2,671,0
3768,8,6,3135454,130335,56261,111770,204699,0,143461,3,4453,2,896,2
3769,8,13,2008451,168165,38115,247244,515589,1,325472,0,1965,3,714,0
3770,7,18,7931303,831432,522132,27089,154731,3,191136,3,4140,2,335,1
3771,0,15,3248883,548501,213060,273373,405764,1,62695,2,1444,3,168,1
3772,2,6,94054,26626,11907,258703,178435,3,157267,3,3900,1,959,2
3773,7,16,6436842,830525,302583,123465,278681,0,81586,2,3032,1,251,1
3774,5,4,8384174,673894,579202,123520,596482,1,207208,3,1314,3,644,0
3775,0,8,4002991,575439,147312,289066,510062,1,42632,2,1780,3,98,3
3776,4,1,6939606,129460,96587,172382,86587,3,218399,3,899,0,359,1
3777,2,6,34851,28659,5023,36323,318538,0,353973,0,1525,3,413,1
3778,1,18,1808976,51136,57105,89070,568722,1,40706,2,3805,1,369,1
3779,4,2,6992802,131593,89439,165622,311026,0,375184,0,2672,1,644,0
3780,3,3,4082992,85415,37516,100118,505526,1,252797,0,4790,2,687,0
3781,7,16,6263760,306973,436461,97569,361994,0,228963,3,3426,1,547,0
3782,5,5,11814474,498077,365803,282741,70310,3,212546,3,4541,2,942,2
3783,7,11,8624689,395688,167474,152480,297487,0,398901,0,851,0,487,1
3784,1,12,2242538,59160,42826,276267,445406,1,55763,2,4840,2,779,0
3785,5,10,9170410,509261,568860,74552,220576,0,259555,0,4735,2,870,2
3786,0,15,3883096,605413,198829,90317,218475,0,385574,0,3786,1,326,1
3787,2,18,85727,15101,5525,279554,399390,0,149556,3,759,0,800,2
3788,6,18,904364,58258,131800,51196,65813,3,178447,3,1082,3,570,0
3789,6,16,625774,91183,152853,161464,61182,3,135906,3,2944,1,92,3
3790,4,11,5543005,202937,142606,283467,570275,1,245895,3,1869,3,954,2
3791,0,10,3365235,702636,139835,282044,275535,0,56421,2,2359,1,445,1
3792,4,5,7306176,105190,100628,295119,161053,3,276064,0,3799,1,66,3
3793,5,4,10905877,805966,462355,156194,324436,0,66106,2,1730,3,532,0
3794,0,8,4076543,680433,258478,118237,500596,1,168889,3,3126,1,140,1
3795,2,19,28659,25306,10354,225081,325073,0,342111,0,4527,2,748,0
3796,4,4,7488326,222690,119436,221828,301851,0,459897,0,4779,2,798,0
3797,8,1,2425855,130501,29944,98904,297561,0,319932,0,2239,1,506,0
3798,2,2,62307,26412,10778,117670,354806,0,136274,3,3917,1,111,1
3799,3,10,2932149,111074,31481,233757,85726,3,266795,0,1534,3,75,3
3800,8,12,1631205,133690,85449,59353,499790,1,228291,3,2509,1,998,2
3801,2,10,90735,26865,8324,40003,181503,3,155608,3,3317,1,321,1
3802,0,12,3879452,646047,161722,84107,199598,3,80798,2,2578,1,668,0
3803,7,6,6643602,280441,338146,177747,79362,3,72482,2,520,0,878,2
3804,5,16,7134639,491537,213843,284953,367228,0,381726,0,4977,2,889,2
3807,1,10,2497029,94629,41871,191451,556370,1,124686,3,4275,2,661,0
3808,3,8,4771375,157955,61336,248819,518718,1,131722,3,2496,1,646,0
3809,4,14,5792542,129126,125943,56490,503989,1,488907,0,2961,1,737,0
3810,5,15,7512695,228413,253110,215580,221820,0,47767,2,3734,1,591,0
3811,4,15,5190806,131462,100462,169108,135607,3,331309,0,3777,1,100,1
3812,7,15,5414004,357938,225560,249555,524008,1,150293,3,1322,3,872,2
3813,3,15,4511813,135244,98470,88000,80433,3,461384,0,2178,1,486,1
3814,4,5,5586063,244326,98313,32778,449272,1,390409,0,2797,1,548,0
3815,2,9,76973,21573,11604,104943,263264,0,72768,2,1499,3,134,1
3816,2,19,64641,22613,5294,150188,137039,3,264058,0,4572,2,802,2
3817,5,11,10616852,474922,317703,290904,565833,1,402736,0,3641,1,256,1
3818,8,3,3374456,186131,111146,296215,63742,3,294799,0,2900,1,51,3
3819,5,13,8766533,292855,349712,120184,300704,0,112618,3,3652,1,724,0
3820,0,10,4753079,535848,176066,173466,79302,3,432217,0,4562,2,283,1
3821,5,7,11586431,720084,520830,276475,513843,1,134476,3,701,0,804,2
3822,5,12,6787699,184843,355186,174749,86269,3,97257,2,903,0,172,1
3823,0,14,3939005,626205,236332,281115,321103,0,405700,0,3147,1,899,2
3824,4,4,4451658,209518,104029,72713,118332,3,242437,3,2406,1,245,1
3825,1,5,2990155,65691,55117,245488,466256,1,48369,2,2617,1,784,0
3826,3,9,4005991,75321,73698,251750,63733,3,284067,0,2818,1,418,1
3827,5,16,10506496,201354,163647,41652,446298,1,441194,0,3665,1,254,1
3828,2,12,32796,18757,10452,283006,215079,0,493342,0,3286,1,707,0
3829,7,6,7567980,365744,464822,170896,452483,1,308934,0,4532,2,195,1
3830,0,9,5105204,631410,278705,299295,154125,3,60468,2,2414,1,575,0
3831,5,6,9740959,985621,70660,125870,134578,3,377533,0,2125,1,815,2
3832,7,2,6299628,869511,501952,133053,480601,1,374227,0,2891,1,612,0
3833,8,8,2593160,134040,73997,283716,241697,0,70917,2,1710,3,946,2
3835,1,16,1693254,76586,33250,110185,439093,1,253733,0,2103,1,265,1
3836,5,1,11560775,116877,186967,130928,330130,0,438457,0,1885,3,115,1
3837,6,7,409699,84077,56542,52489,438624,1,434728,0,841,0,646,0
3838,7,12,7567494,540654,484013,209192,83958,3,397523,0,2175,1,689,0
3839,6,13,437168,60706,38643,185071,306991,0,206057,3,2280,1,121,1
3840,0,2,4424947,673523,153392,269272,274839,0,148049,3,4487,2,693,0
3841,6,8,550344,88454,481662,217246,413112,1,482200,0,3932,1,376,1
3842,6,1,966067,61204,434397,274988,471958,1,452517,0,1277,3,501,0
3843,7,19,6899916,447982,359840,272301,288058,0,67264,2,1172,3,914,2
3844,8,16,2825341,98995,126417,205293,357927,0,290494,0,2372,1,873,2
3845,4,9,3885499,138932,101487,182435,136599,3,370368,0,858,0,351,1
3846,3,11,4773526,120048,84146,48255,455316,1,139646,3,4920,2,744,0
3847,0,3,3119009,694005,145235,62073,209514,0,276333,0,1241,3,204,1
3848,4,6,4494161,134726,131512,29807,270282,0,158066,3,2828,1,534,0
3849,4,17,5088461,226948,97787,65814,104986,3,399827,0,2365,1,560,0
3850,6,2,752915,81183,41744,147904,115130,3,241294,3,3595,1,790,0
3851,5,9,6727960,775097,392576,143090,441571,1,84596,2,516,0,605,0
3852,5,13,11322097,712748,441513,47246,539900,1,329247,0,2328,1,579,0
3853,3,16,3659293,183235,63821,209903,388551,0,248436,3,2738,1,375,1
3854,1,3,2162843,74013,52031,249548,436722,1,68427,2,2628,1,162,1
3855,0,15,5880866,681731,387596,22458,425694,1,177492,3,3208,1,155,1
3857,2,11,88767,22581,6359,90612,333785,0,34633,2,3722,1,132,1
3858,8,16,2872801,147560,96041,94859,459322,1,346865,0,3377,1,108,1
3859,3,19,4247320,98818,28807,279885,222412,0,359056,0,2759,1,317,1
3860,4,16,5570893,160288,91148,226494,497291,1,214752,3,1868,3,588,0
3861,3,1,3679382,121700,62309,33101,566481,1,70265,2,3467,1,966,2
3862,6,19,421682,67669,167503,263974,212015,0,34892,2,2411,1,296,1
3863,8,16,3373987,103848,136061,297551,244617,0,61495,2,687,0,290,1
3864,7,4,8097611,580289,322738,270777,515393,1,231958,3,3071,1,956,2
3865,0,8,4317200,517746,163654,128119,249619,0,350722,0,2077,1,190,1
3866,0,11,5336435,524563,399892,20066,65704,3,352803,0,2896,1,713,0
3867,0,0,3216299,523438,208735,100281,239454,0,337076,0,1371,3,724,0
3868,4,0,5521130,174360,136944,143087,162715,3,414951,0,3478,1,885,2
3869,1,1,2493224,87490,34044,142972,182292,3,25429,1,1951,3,407,1
3870,0,0,3473911,689087,143245,268552,216975,0,490544,0,2869,1,734,0
3871,6,0,828355,99625,506980,104841,441917,1,162691,3,3284,1,825,2
3872,5,12,5955979,210958,537800,81572,356674,0,477395,0,2804,1,327,1
3874,0,2,5857804,683999,222023,24600,569286,1,20844,1,2280,1,577,0
3875,7,11,6086261,653811,233798,67557,237281,0,172932,3,2629,1,710,0
3876,2,10,79815,25759,7776,175302,593296,1,227869,3,4888,2,605,0
3877,2,7,48536,18122,8399,77060,245601,0,25010,1,2749,1,173,1
3878,5,10,8066509,100557,632597,73787,428560,1,270373,0,995,0,747,0
3879,0,4,5067539,640508,171621,62295,451624,1,330841,0,4040,2,634,0
3880,7,9,8758762,563224,532523,267101,497151,1,74216,2,1346,3,967,2
3881,5,17,7059556,386844,621613,111363,176917,3,248410,3,4160,2,488,1
3882,1,7,2390719,73458,63590,278261,284573,0,415080,0,3028,1,318,1
3883,1,12,2913179,76742,74364,283874,57853,2,175964,3,3008,1,839,2
3884,8,13,2189841,143981,127547,151580,533341,1,438316,0,732,0,233,1
3885,5,7,10846792,148684,278852,277459,575503,1,391627,0,4000,2,437,1
3886,0,9,3245585,680950,214849,21661,415425,1,164371,3,3407,1,682,0
3887,7,7,6375808,201474,245498,28498,458227,1,138260,3,3537,1,321,1
3888,7,16,7613191,429684,154493,295630,258833,0,408020,0,1870,3,502,0
3889,0,9,5813465,529908,353326,125018,454629,1,194190,3,2769,1,480,1
3890,4,0,4360657,136875,101491,87086,577956,1,497798,0,905,0,608,0
3891,4,9,7292434,200789,117258,108706,386552,0,370665,0,2588,1,357,1
3892,2,5,59349,29642,8352,132158,490294,1,391500,0,4875,2,503,0
3893,3,19,3275192,75632,79387,264027,549765,1,461162,0,4550,2,443,1
3894,8,3,2654572,148712,44585,173118,560969,1,47237,2,2522,1,667,0
3895,6,10,951192,78125,580492,152322,250798,0,190402,3,2402,1,955,2
3896,2,18,55226,21146,9394,86807,172666,3,333917,0,1283,3,377,1
3897,6,17,894359,91120,183480,282600,306162,0,177962,3,4206,2,249,1
3898,1,2,2352257,85588,73673,138566,122573,3,50311,2,749,0,942,2
3899,4,19,7492012,232250,118373,153724,391383,0,356013,0,4186,2,734,0
3900,2,8,38634,21833,9936,155830,308630,0,208882,3,526,0,547,0
3901,2,11,52017,28082,6063,147041,213880,0,304259,0,1031,3,815,2
3902,8,11,3000438,104350,145402,216965,85530,3,422759,0,3901,1,963,2
3903,5,9,10295517,164764,73944,68701,519443,1,324958,0,4196,2,51,3
3904,1,18,1727748,93908,39653,121518,79664,3,388158,0,1587,3,531,0
3905,8,3,1522924,117057,129210,212853,562948,1,254246,0,4278,2,873,2
3906,1,6,2036312,59471,83236,98385,361146,0,92780,2,573,0,255,1
3907,4,6,7773348,245580,97473,30945,578759,1,475871,0,3234,1,288,1
3908,7,7,6685678,840977,378029,244209,548963,1,447636,0,682,0,218,1
3909,1,2,3317387,64814,76728,34767,118250,3,259728,0,4856,2,933,2
3910,7,16,8648889,486050,515762,36827,83859,3,431777,0,4938,2,972,2
3911,5,13,10300723,358017,82148,283529,478067,1,410829,0,3606,1,589,0
3912,4,1,5363908,167251,77951,271266,124091,3,492466,0,4056,2,797,0
3913,5,12,9513567,683777,110513,24220,260899,0,443093,0,4068,2,976,2
3914,7,4,8706446,708488,345111,282753,109526,3,361685,0,4564,2,819,2
3915,2,14,35298,17646,9332,125824,476312,1,426872,0,704,0,761,0
3916,5,3,8986821,583491,492524,34846,52151,2,237534,3,910,0,137,1
3917,3,19,3787113,189755,68288,269412,435186,1,290267,0,4092,2,565,0
3918,1,0,1518512,81774,38607,23394,117467,3,94859,2,992,0,864,2
3919,4,4,6898864,220761,137940,53683,408472,1,162204,3,2010,1,248,1
3920,1,0,2076857,94401,56528,271807,530901,1,138044,3,4518,2,700,0
3921,3,4,2835091,139656,97274,275350,308405,0,414708,0,3740,1,236,1
3922,8,15,2025856,102852,88590,264697,347819,0,279544,0,4185,2,129,1
3923,7,4,7022773,442324,246723,214775,372981,0,85839,2,3957,1,143,1
3925,7,6,7016409,649545,117267,298906,596052,1,254439,0,1499,3,534,0
3926,7,11,8838450,430274,319749,175580,145550,3,191455,3,3826,1,373,1
3927,8,0,2428498,77915,76471,36658,102161,3,306863,0,4468,2,819,2
3928,8,5,3334630,103050,125695,53573,542952,1,274347,0,3444,1,878,2
3929,3,10,2386046,102595,41646,272357,398859,0,392912,0,2476,1,87,3
3930,1,16,2353401,53181,91879,279505,253171,0,412338,0,3995,1,312,1
3931,2,1,70636,20072,11446,125731,419673,1,193839,3,4246,2,351,1
3932,7,11,7235756,249408,122547,209754,229704,0,248740,3,1287,3,585,0
3933,1,4,1980658,69346,88001,128129,545396,1,248589,3,3565,1,725,0
3934,6,18,769783,56280,346333,264370,96368,3,191077,3,881,0,873,2
3935,7,16,8622265,688241,328105,260358,69391,3,123546,3,3946,1,769,0
3936,0,3,3101277,677363,235186,284204,325872,0,92274,2,1221,3,999,2
3937,4,2,7701640,216563,135793,174588,160712,3,197339,3,571,0,759,0
3938,1,7,3718423,54509,87302,85740,145506,3,430828,0,2329,1,207,1
3939,1,19,2613791,91435,34043,190006,428942,1,321489,0,796,0,151,1
3940,4,16,6148580,208144,148388,280462,559765,1,443284,0,1537,3,526,0
3941,4,12,7030097,184445,105438,152522,599343,1,243326,3,1149,3,570,0
3943,4,19,3505674,110351,147705,31096,308816,0,29924,1,1255,3,279,1
3944,3,18,4858582,176153,61309,124161,123820,3,197972,3,1687,3,416,1
3945,8,9,2555329,154395,80682,272952,411450,1,146861,3,1086,3,472,1
3946,8,10,2165916,129868,71848,247536,402485,1,270873,0,1066,3,566,0
3947,8,4,1950804,88722,101722,56840,59280,2,82563,2,1815,3,806,2
3948,1,10,1569113,83861,87506,264263,457549,1,497593,0,3910,1,422,1
3949,7,6,8408949,605061,430163,109303,205414,0,396771,0,1255,3,161,1
3950,6,14,933728,90761,331867,116836,428286,1,236187,3,2223,1,105,1
3951,5,16,9212541,489734,191370,244626,200976,0,127845,3,4988,2,411,1
3952,8,16,2220346,191112,123632,108828,172560,3,27058,1,4545,2,985,2
3953,0,0,3460512,609677,130222,174365,207444,0,304664,0,1328,3,773,0
3954,4,19,6355802,191759,112578,250546,199465,3,488987,0,4299,2,173,1
3955,2,1,45579,16575,5520,125928,189598,3,36541,2,3711,1,285,1
3956,1,14,1526766,59944,42510,160636,335257,0,37339,2,3768,1,148,1
3957,4,9,7841697,124643,122563,210821,455333,1,179377,3,2639,1,640,0
3958,0,5,4685069,609378,226516,192504,235010,0,301132,0,1103,3,888,2
3960,6,12,255397,56850,417909,261539,594728,1,410331,0,4876,2,271,1
3961,7,4,8832600,809991,412792,264015,406229,1,227183,3,1711,3,370,1
3962,7,12,6419800,321858,273556,202517,430341,1,332491,0,4843,2,898,2
3963,4,16,6054454,143695,149821,52425,430996,1,215695,3,2577,1,441,1
3964,7,12,7215441,371442,256150,175810,221147,0,173760,3,2432,1,291,1
3965,6,13,512223,52584,301379,296786,428561,1,138610,3,2277,1,406,1
3966,8,4,3371782,172721,49992,252340,489886,1,66086,2,538,0,221,1
3967,2,18,55030,24006,8435,63269,387827,0,182022,3,2962,1,64,3
3968,4,4,4755142,229977,106714,293273,185109,3,416141,0,802,0,965,2
3969,3,17,3856974,179203,39134,153500,487973,1,175528,3,978,0,262,1
3970,0,9,3744012,648077,399369,229920,451629,1,254741,0,4777,2,602,0
3971,8,19,3085434,56090,32656,34222,457351,1,414576,0,2688,1,515,0
3972,0,17,5242272,557238,301495,279566,575496,1,47038,2,4432,2,263,1
3973,6,3,758884,86050,47576,179499,537400,1,494222,0,2338,1,764,0
3974,6,9,902875,76335,292822,219188,362478,0,388991,0,543,0,839,2
3975,8,13,3010747,122604,36203,266920,328250,0,126273,3,2207,1,736,0
3976,2,8,90831,29810,11225,241326,493446,1,27730,1,4747,2,604,0
3977,8,8,3392881,88075,68297,229168,85586,3,362446,0,3240,1,953,2
3978,1,6,3348203,75541,71825,240859,521717,1,92032,2,2494,1,892,2
3979,6,8,699206,92593,398827,297088,55328,2,139301,3,2098,1,511,0
3980,8,5,2501960,171217,144801,262356,126930,3,129701,3,3307,1,418,1
3981,2,7,69420,21239,6578,270209,571760,1,425363,0,1381,3,605,0
3982,6,8,962496,61876,62037,68937,186011,3,187974,3,3397,1,226,1
3983,8,11,1861056,136138,34507,131188,581142,1,105013,3,2084,1,605,0
3984,8,11,1755397,90152,133728,215497,493241,1,69776,2,2500,1,814,2
3985,2,16,52621,30398,8602,241461,59601,2,22808,1,4637,2,385,1
3986,3,15,4515214,80940,51781,288804,426100,1,269869,0,1148,3,403,1
3987,3,2,4187036,105516,77698,286622,221331,0,311171,0,2321,1,611,0
3988,2,0,74142,25597,6816,107943,531458,1,62886,2,549,0,713,0
3990,3,15,1957719,109695,38535,208798,269982,0,494495,0,4982,2,604,0
3991,8,5,3340127,105293,42568,105635,598097,1,293349,0,3115,1,877,2
3992,6,2,467594,82512,505189,126797,434273,1,98389,2,3869,1,778,0
3993,5,2,8187084,116963,147543,136604,394458,0,85474,2,2140,1,582,0
3994,4,4,4931264,215375,78840,246987,409831,1,278613,0,3108,1,326,1
3995,7,17,5664304,897212,379161,35923,274548,0,117283,3,650,0,393,1
3996,5,11,7136029,384485,362977,233962,287910,0,222901,3,2166,1,908,2
3997,5,10,7764303,672216,118584,74075,449917,1,327243,0,3660,1,811,2
3998,1,7,3950530,65831,53652,261503,255252,0,411177,0,537,0,473,1
3999,4,2,7883541,189187,127107,177528,386353,0,427305,0,2925,1,316,1
4000,5,18,9836314,963028,533979,98303,447680,1,483589,0,2403,1,662,0
4001,5,9,7436382,531371,518945,39183,85002,3,123924,3,4062,2,394,1
4002,2,14,18579,16426,8996,149447,500981,1,263909,0,3842,1,671,0
4003,3,1,3197928,134189,84837,91133,437410,1,399311,0,1115,3,780,0
4004,6,5,319306,59865,513902,87501,448698,1,261074,0,3363,1,361,1
4005,8,4,2367153,200537,49450,206784,232937,0,243338,3,783,0,916,2
4006,7,16,7670811,654190,452481,224862,293171,0,212345,3,1472,3,326,1
4007,5,5,9439023,783961,238720,240452,190617,3,271643,0,2334,1,588,0
4008,7,11,5161376,739218,570950,148352,568832,1,28100,1,1167,3,810,2
4009,7,6,6065352,800475,539381,135973,130582,3,157667,3,2606,1,920,2
4010,0,14,4229222,502944,188939,34933,393548,0,212502,3,2133,1,452,1
4011,2,0,31429,15185,11098,116293,251552,0,395092,0,4385,2,73,3
4012,1,2,3908203,65158,46535,171465,546494,1,47791,2,2318,1,212,1
4013,8,15,2696074,168121,49970,135216,193398,3,132535,3,2971,1,59,3
4014,4,9,5666711,210272,100665,292787,518659,1,139428,3,3122,1,157,1
4015,4,17,5974832,102841,138113,131142,111359,3,330752,0,1756,3,729,0
4016,8,1,2025099,137908,132998,178497,109747,3,126509,3,2890,1,844,2
4017,3,13,3365787,177325,29896,170113,350449,0,316043,0,803,0,337,1
4018,2,19,54881,18478,11554,27652,552029,1,113638,3,3978,1,755,0
4019,0,19,5087961,542025,215984,262369,372447,0,33767,2,2440,1,596,0
4020,3,9,2124175,195837,74342,180737,486626,1,318127,0,1645,3,841,2
4021,2,2,95566,16668,6287,184943,426332,1,198117,3,1788,3,207,1
4022,5,0,11398420,125778,322101,151376,436006,1,83669,2,2158,1,782,0
4023,6,6,562296,74403,554742,149127,570198,1,279425,0,1112,3,844,2
4024,6,13,300571,62655,228398,121459,541818,1,383954,0,1206,3,660,0
4025,6,7,974377,70260,356901,68568,560314,1,184837,3,620,0,723,0
4026,1,5,2668567,53884,32558,169432,343940,0,164777,3,1702,3,469,1
4027,1,15,3530980,70668,56983,114799,73471,3,406962,0,3308,1,355,1
4028,5,12,8169135,849692,318583,267745,411218,1,26237,1,2087,1,150,1
4029,2,19,30890,26178,7677,120826,385074,0,375547,0,3158,1,804,2
4030,6,14,444742,64775,82306,261653,77835,3,194209,3,2909,1,319,1
4031,6,5,954861,55650,225072,131261,293722,0,117085,3,4183,2,138,1
4032,7,7,7679180,855810,244420,145159,474960,1,367447,0,1607,3,478,1
4033,3,1,4980610,127535,71604,35749,481690,1,452381,0,1238,3,665,0
4034,0,5,5065327,690755,284927,287709,579417,1,52251,2,2704,1,611,0
4035,4,17,3543075,120403,149089,150867,337790,0,118133,3,3230,1,637,0
4036,3,12,4941503,118109,84795,195057,489932,1,286928,0,1612,3,799,0
4037,3,19,3924141,186572,71797,82968,498210,1,307907,0,4015,2,174,1
4038,2,0,19358,20638,11852,79155,218132,0,496673,0,4953,2,744,0
4039,8,0,3287189,50954,91254,223693,278350,0,494601,0,4452,2,488,1
4040,6,1,647484,75445,152576,97851,510816,1,201622,3,628,0,477,1
4041,2,11,90486,29922,7176,54099,415507,1,184249,3,4841,2,525,0
4042,7,13,6859413,397676,352333,264495,121065,3,365335,0,3330,1,708,0
4043,7,11,8573779,659558,368300,294075,233291,0,306714,0,1176,3,853,2
4044,6,2,475416,86642,599946,125792,359816,0,388464,0,1018,3,314,1
4045,3,1,2556228,86614,69393,241843,590846,1,338139,0,4313,2,958,2
4046,0,12,5854398,632535,163298,24438,86320,3,450637,0,4033,2,280,1
4047,3,15,2718179,142585,87407,261340,568849,1,293980,0,3708,1,137,1
4048,6,2,295578,76046,447431,127587,375528,0,263299,0,4956,2,635,0
4049,7,17,5480000,294925,107646,198055,62721,3,232882,3,1890,3,388,1
4050,6,3,259947,84112,377103,51565,346054,0,196701,3,4484,2,128,1
4051,8,18,1717170,80154,83325,65352,249313,0,24517,1,1862,3,578,0
4052,2,3,17221,26068,6058,209595,273225,0,454422,0,4166,2,77,3
4053,7,17,7419715,710831,264849,213361,583764,1,337552,0,2082,1,263,1
4054,4,17,6678695,124804,105269,83471,130326,3,236229,3,1693,3,330,1
4055,4,3,7139586,148645,110625,142302,417655,1,112280,3,2738,1,823,2
4056,0,6,5515365,560729,103994,161247,255526,0,194255,3,2075,1,806,2
4057,6,4,891333,55815,235493,238478,448491,1,161460,3,2163,1,516,0
4058,3,1,2669974,106589,78460,197988,300753,0,241004,3,2199,1,456,1
4059,0,15,4717492,648943,292996,160965,212399,0,116627,3,4181,2,541,0
4060,7,1,6930596,586802,496447,192973,221755,0,416372,0,4147,2,182,1
4061,3,1,3847320,78584,81014,247652,449062,1,363592,0,4292,2,804,2
4062,8,13,2050856,75164,78462,97148,468221,1,187889,3,4058,2,90,3
4063,6,10,295945,58551,73420,228012,386830,0,135501,3,4776,2,414,1
4064,4,4,7112250,237226,127965,126226,198511,3,419535,0,4178,2,945,2
4065,5,17,10746433,417875,246422,277553,397845,0,36602,2,560,0,742,0
4066,0,10,3536889,654753,330020,236204,328574,0,496471,0,4518,2,886,2
4067,6,13,783520,77928,35604,52052,203701,0,472073,0,4652,2,339,1
4068,7,0,8240530,615850,226113,24652,348031,0,243498,3,2618,1,507,0
4069,1,2,2483870,82301,69601,280438,382149,0,50033,2,3801,1,894,2
4070,8,13,2559098,151643,94801,223388,297676,0,175842,3,610,0,106,1
4071,4,14,6042725,146733,108232,161787,125573,3,250884,0,3576,1,152,1
4072,4,14,4852641,173594,104360,215229,382516,0,23402,1,2764,1,688,0
4073,1,4,3599801,73292,56728,263245,98902,3,184935,3,4080,2,541,0
4074,7,0,8213263,540704,129423,205928,76337,3,106107,3,1251,3,104,1
4075,0,19,5810847,625895,117034,269473,419833,1,254533,0,1976,3,186,1
4076,8,12,2881696,121821,149038,218041,314317,0,259421,0,4622,2,644,0
4077,3,2,3754448,99502,58909,39015,432157,1,377744,0,4242,2,352,1
4078,8,1,3391118,54999,83166,288193,411895,1,314399,0,1010,3,502,0
4079,8,5,2958164,150127,93844,160791,569607,1,330444,0,3652,1,775,0
4080,6,13,570140,62147,212406,247418,350236,0,250317,0,1834,3,284,1
4081,0,10,4576588,662327,289317,218062,591775,1,237012,3,1685,3,789,0
4082,7,15,6636697,713594,393966,184062,228160,0,88406,2,2755,1,631,0
4083,6,19,486899,54895,492494,262270,582944,1,96390,2,3472,1,640,0
4084,6,16,264308,52535,479277,175802,496060,1,71516,2,3240,1,768,0
4085,2,1,96045,22755,8732,236121,202863,0,243206,3,2896,1,467,1
4086,1,18,3011502,72438,56304,28528,61992,3,241525,3,2817,1,431,1
4087,0,7,4281797,703106,145557,230521,552243,1,188205,3,3112,1,586,0
4088,6,10,316482,80033,592726,200243,378931,0,493226,0,2651,1,62,3
4089,7,17,5639825,356926,556823,35769,579637,1,354223,0,1983,3,155,1
4090,6,18,379007,88040,554703,279795,66278,3,92558,2,2828,1,575,0
4091,7,18,5387433,333493,289823,120824,599839,1,214835,3,2647,1,66,3
4092,2,0,70795,20169,6706,98839,262473,0,372061,0,2223,1,393,1
4093,3,13,1816252,92395,53541,264838,541950,1,275212,0,3957,1,884,2
4094,1,17,2759278,52135,87190,166554,57472,2,171091,3,3697,1,705,0
4095,8,14,1517738,127066,42725,122495,448871,1,491114,0,3304,1,838,2
4096,7,4,7776480,557138,514873,66151,159663,3,25794,1,2409,1,544,0
4097,5,5,9107089,228914,448937,80783,216764,0,364433,0,1777,3,247,1
4098,4,17,3564269,219934,74808,105753,347999,0,107938,3,2654,1,889,2
4099,3,17,1828769,120464,50487,72281,206045,0,133752,3,2595,1,240,1
4100,8,3,2500746,180151,136195,168122,91566,3,164433,3,4416,2,580,0
4101,8,5,2774257,53720,148832,282600,218850,0,329871,0,4135,2,205,1
4102,2,7,64030,19446,10830,185957,384866,0,296184,0,3695,1,367,1
4103,8,2,1546244,147408,138629,118272,299824,0,397690,0,1835,3,446,1
4104,2,8,49287,17257,7363,171328,271270,0,338714,0,1971,3,532,0
4105,7,17,5747970,885036,523361,39873,482964,1,363149,0,4896,2,521,0
4106,7,7,5722774,598112,155678,144506,586137,1,129189,3,1607,3,635,0
4107,3,5,2509673,126108,47925,280880,329416,0,331781,0,3563,1,654,0
4108,2,10,93342,16768,6981,55172,367676,0,145589,3,3451,1,638,0
4109,1,11,2469239,72430,57068,104278,152357,3,133116,3,3124,1,122,1
4110,7,18,5380571,538994,484635,145830,306857,0,237974,3,4755,2,610,0
4111,1,18,2982783,61161,91092,200222,419951,1,440787,0,4248,2,726,0
4112,4,15,7669427,171422,117110,124011,244808,0,63079,2,4164,2,968,2
4113,8,14,2408417,114276,82550,140226,167067,3,88887,2,2318,1,778,0
4114,6,6,891024,69462,420082,127941,305014,0,287933,0,4662,2,928,2
4115,5,1,8173985,773264,189373,267529,514880,1,321792,0,3414,1,130,1
4116,3,0,3488306,178781,65831,190594,307574,0,460154,0,3848,1,609,0
4117,8,18,2209166,178619,79075,193797,561122,1,30943,2,2521,1,965,2
4118,0,4,5738775,635401,283094,122297,131732,3,313648,0,2555,1,481,1
4119,5,6,7501203,183304,258162,284484,546816,1,42280,2,2547,1,759,0
4120,2,0,78882,29497,7038,188248,285487,0,165341,3,2749,1,260,1
4121,0,6,5165640,613037,169324,219106,55628,2,234903,3,4044,2,497,1
4122,8,14,2930342,141494,141666,62404,400258,1,195458,3,2617,1,823,2
4123,7,0,6832744,203714,539428,235929,126159,3,57365,2,3310,1,528,0
4124,6,14,547906,62923,321829,112268,237164,0,211189,3,4578,2,646,0
4125,2,4,62816,20775,9095,258031,573474,1,79166,2,1575,3,188,1
4126,7,8,8049779,583812,606619,274618,476733,1,354881,0,1312,3,608,0
4127,7,1,5723074,883646,171096,202383,468613,1,371180,0,1897,3,791,0
4128,7,18,8425359,755698,164759,170241,71959,3,193906,3,2107,1,943,2
4129,1,19,3308864,85407,36994,198909,336317,0,249755,3,3606,1,126,1
4130,6,16,452215,93835,466589,181943,359679,0,99644,2,4169,2,131,1
4131,0,19,5635687,504504,139703,293686,98701,3,62694,2,1042,3,62,3
4132,2,19,83900,15071,11984,105138,194966,3,33550,2,3987,1,758,0
4133,4,12,7868023,100364,87771,224367,283082,0,278378,0,1387,3,539,0
4134,6,9,701127,73007,517337,221526,220485,0,199738,3,707,0,86,3
4135,7,6,6805816,248469,255897,190455,130446,3,320531,0,2898,1,407,1
4136,3,6,3227892,123928,51047,251065,176736,3,379675,0,4245,2,457,1
4137,6,5,982722,51507,122637,29694,103601,3,50009,2,2591,1,486,1
4138,0,10,3155388,679045,216210,185203,588601,1,292951,0,4100,2,565,0
4139,4,11,5571802,236942,146501,220205,189353,3,191168,3,4714,2,508,0
4140,0,1,3360923,695574,246970,37135,339311,0,36967,2,1241,3,699,0
4141,3,9,2416355,167522,71452,167552,416870,1,163761,3,1356,3,309,1
4142,3,2,4253112,161860,81520,299950,316358,0,271343,0,1064,3,119,1
4143,0,1,3740981,585083,115152,196273,180960,3,482944,0,1287,3,257,1
4144,5,2,11961241,673639,235831,99113,465815,1,411285,0,1478,3,394,1
4145,3,2,4910043,181760,63635,149770,326910,0,267386,0,4859,2,765,0
4146,0,15,4939788,664992,206256,136121,90262,3,223926,3,1212,3,418,1
4147,4,7,7386728,143086,124021,294556,458561,1,202675,3,4272,2,517,0
4148,8,4,3147085,147662,135791,44951,481684,1,243879,3,671,0,169,1
4149,7,13,7693108,446332,106894,234075,580046,1,164307,3,2404,1,927,2
4150,6,7,770589,80411,359310,37136,367469,0,413094,0,4840,2,79,3
4151,2,6,55111,20209,10754,99972,326615,0,270244,0,4587,2,492,1
4152,7,3,8812019,392621,216871,75772,544831,1,172530,3,920,0,783,0
4153,5,19,6437035,661321,355883,259204,521110,1,302567,0,4292,2,907,2
4154,6,10,399773,58554,341699,184483,523394,1,382565,0,2470,1,394,1
4155,1,2,3837727,80171,90988,99279,574315,1,473247,0,2819,1,138,1
4156,4,18,4824042,145026,120071,210403,88143,3,245490,3,1736,3,134,1
4157,5,4,8201995,803870,464472,164465,482274,1,494155,0,2645,1,797,0
4158,2,1,59278,15565,11120,294052,276287,0,91467,2,1236,3,960,2
4159,8,18,2200631,177620,32923,128950,473844,1,97570,2,4092,2,977,2
4160,5,1,11231237,514810,640811,88430,523609,1,437354,0,3548,1,248,1
4162,0,1,3272420,555710,270674,163261,257171,0,390585,0,3570,1,223,1
4163,8,7,3322901,67005,78280,24664,481917,1,375591,0,1746,3,94,3
4164,6,12,856501,54883,430915,286667,110522,3,337335,0,1513,3,358,1
4165,3,6,4749507,79169,85928,84515,398153,0,349011,0,2263,1,220,1
4166,4,15,7269906,132644,140171,113193,366516,0,307593,0,1048,3,874,2
4167,4,8,7086575,193522,144336,122769,206288,0,428832,0,4407,2,902,2
4168,1,15,1529831,55451,43652,193283,400521,1,400389,0,1350,3,569,0
4169,4,15,6409182,125274,115611,230050,107943,3,42181,2,3179,1,506,0
4170,4,8,5802088,169545,81504,217542,216108,0,417855,0,839,0,704,0
4172,0,12,3014099,567151,230171,112045,82966,3,378445,0,2199,1,778,0
4173,2,1,38201,28402,12119,139531,220816,0,265709,0,2539,1,285,1
4174,7,18,5104487,586515,288126,145519,555466,1,323231,0,2606,1,945,2
4175,3,19,3815036,189978,42820,30313,107896,3,172589,3,506,0,294,1
4176,4,17,7786097,162898,132889,297435,302824,0,319679,0,1931,3,761,0
4177,2,3,72187,15480,9543,48070,181158,3,486304,0,2586,1,96,3
4178,8,11,2391068,149834,76209,220028,331939,0,62147,2,3208,1,473,1
4179,4,1,5130332,104025,131645,210186,558387,1,323195,0,4700,2,158,1
4181,1,5,2560768,59639,52921,288289,111735,3,340758,0,755,0,411,1
4182,8,1,3013421,171434,131067,79133,598146,1,205475,3,3497,1,656,0
4183,1,19,1631000,62358,80762,223776,353428,0,473928,0,1054,3,461,1
4184,1,5,3294071,89200,49128,185449,217673,0,185941,3,4630,2,201,1
4185,4,11,4392237,149032,105875,276476,293774,0,30267,2,4602,2,588,0
4186,7,13,5907021,206246,545796,32983,319579,0,187023,3,4800,2,964,2
4187,1,0,3018651,88816,93452,217475,351276,0,215103,3,3434,1,379,1
4188,3,11,2268665,120470,72967,243221,58130,2,139180,3,3134,1,587,0
4189,1,5,3220398,86383,35553,233997,387986,0,221241,3,1299,3,732,0
4190,0,9,5528751,592086,220467,23482,332473,0,60206,2,3588,1,126,1
4191,7,0,8663925,724744,584038,136526,119237,3,68638,2,4990,2,166,1
4192,6,9,592452,65466,556941,52094,422405,1,338108,0,2303,1,724,0
4193,3,10,4362864,154981,96526,41643,576705,1,367460,0,2129,1,570,0
4194,4,19,5237124,171942,143929,235129,95035,3,377917,0,977,0,644,0
4195,3,15,2128813,93280,67547,268421,212718,0,106294,3,2980,1,663,0
4196,7,13,8349100,433096,366514,73851,441453,1,431681,0,884,0,725,0
4197,2,19,72112,29550,11006,211903,85214,3,254153,0,2340,1,642,0
4198,3,7,3169184,191488,43693,125819,514141,1,314510,0,1486,3,891,2
4199,8,2,2745819,108035,34314,295961,494823,1,27387,1,1404,3,932,2
4200,4,19,6843926,123395,99906,276267,300157,0,90259,2,1729,3,495,1
4201,1,11,2326555,81569,82637,231087,518415,1,401098,0,1106,3,455,1
4202,0,13,5704402,699937,154952,59153,176578,3,231966,3,4894,2,750,0
4203,7,10,8971445,296886,273671,188902,469007,1,53891,2,3154,1,143,1
4204,0,1,4050622,517704,294583,231169,397359,0,87679,2,4122,2,495,1
4205,7,12,7291805,623858,177799,210541,499087,1,114354,3,2062,1,62,3
4206,4,11,7684265,168695,88835,290100,157728,3,288905,0,4114,2,539,0
4207,3,10,2281134,120000,67633,297283,492022,1,407891,0,3651,1,217,1
4208,4,8,5216220,179108,70709,213658,417587,1,141909,3,2694,1,161,1
4209,2,13,15254,26106,11804,72730,557068,1,223847,3,3481,1,990,2
4210,6,14,754865,89727,581697,211664,191814,3,286023,0,4990,2,67,3
4211,0,1,3444490,604055,187472,95024,90853,3,65412,2,1855,3,332,1
4212,2,17,81795,27064,7106,97038,540998,1,135534,3,4113,2,845,2
4213,7,9,8338102,457368,300629,238949,447216,1,249765,3,3726,1,204,1
4214,7,15,8103124,458707,397304,106427,315310,0,416072,0,4224,2,967,2
4215,7,16,6675190,870624,403143,192093,433068,1,52735,2,4208,2,629,0
4216,3,2,3964276,91269,46711,251406,125331,3,469113,0,3159,1,723,0
4217,1,7,1600582,75954,51406,56355,65846,3,157544,3,698,0,698,0
4218,7,12,5141766,763300,205890,40318,346397,0,40309,2,1091,3,60,3
4219,2,14,100323,22192,5616,127774,232495,0,64638,2,2033,1,265,1
4220,5,6,6884533,835326,222376,175356,335976,0,180124,3,1741,3,634,0
4221,4,11,6119128,133944,136555,279670,241266,0,384020,0,977,0,748,0
4222,1,14,3794950,58296,47012,186232,308548,0,224419,3,4299,2,622,0
4223,6,12,783283,99414,213436,80315,578455,1,499619,0,1635,3,530,0
4224,8,8,2840319,93034,135643,103772,194843,3,232257,3,560,0,521,0
4225,2,17,92262,16980,10450,282991,466372,1,68744,2,3248,1,293,1
4226,6,5,443413,66518,384800,164060,435797,1,320206,0,1061,3,489,1
4227,5,11,10123256,293964,269362,70620,135791,3,457907,0,1165,3,959,2
4228,0,5,3933084,628418,124455,220123,205287,0,23835,1,4847,2,624,0
4229,1,0,3950234,70303,30769,159389,168122,3,22511,1,1243,3,269,1
4230,5,2,10013442,667642,398402,159520,199327,3,258186,0,1562,3,404,1
4231,4,10,6291400,179872,98177,263233,161858,3,23939,1,2388,1,110,1
4232,6,8,461908,76833,174660,112180,404440,1,175720,3,2211,1,648,0
4233,1,12,3365223,84106,44959,101062,172988,3,353690,0,2627,1,317,1
4234,6,8,513768,81925,172013,242306,402114,1,300240,0,4451,2,320,1
4235,7,15,8591286,337259,238458,68422,53146,2,330806,0,2104,1,865,2
4236,4,8,5738933,166456,80999,21232,367274,0,383188,0,1655,3,886,2
4237,2,7,69501,27698,11933,188460,52410,2,255388,0,902,0,335,1
4238,2,0,57777,16222,12220,47717,466953,1,408082,0,1798,3,303,1
4239,4,18,6362562,110992,90080,44047,263571,0,291583,0,3050,1,795,0
4240,0,18,4890240,599470,378986,220654,293698,0,352090,0,2702,1,528,0
4241,8,14,1580138,153568,90547,156346,553889,1,386569,0,3736,1,454,1
4242,7,14,7267319,356343,248713,82990,315089,0,488946,0,557,0,76,3
4243,5,2,10969628,994316,510805,237079,70814,3,103323,3,4259,2,60,3
4244,8,12,2425795,165549,131005,159320,504364,1,112655,3,4761,2,235,1
4245,3,6,3160772,188821,71910,149628,287647,0,192576,3,1292,3,475,1
4246,4,18,6944344,223566,100306,137190,299571,0,148878,3,1852,3,425,1
4247,7,8,6931506,211170,351235,170296,501812,1,464622,0,3159,1,387,1
4248,0,7,3711908,679996,114124,43397,54796,2,164683,3,916,0,151,1
4249,7,9,6265474,285644,463228,97113,171353,3,224322,3,2227,1,825,2
4250,1,15,2190508,76891,73016,257074,107260,3,33395,2,2053,1,494,1
4251,4,13,5909443,131858,84869,172451,261204,0,51992,2,879,0,547,0
4252,8,2,1724625,113989,144484,244522,368265,0,111827,3,4960,2,746,0
4253,6,13,717272,57396,58787,148450,500876,1,72902,2,1794,3,433,1
4254,1,8,3799956,76693,40902,252512,496248,1,495064,0,4927,2,216,1
4255,5,2,7669835,998349,284983,224812,576700,1,223800,3,591,0,920,2
4256,5,1,11015815,305484,514099,294366,84563,3,212963,3,4219,2,625,0
4257,6,0,759430,90031,406736,206922,338643,0,474463,0,4789,2,535,0
4258,5,2,7293902,957554,202878,40709,482782,1,338382,0,2871,1,882,2
4260,3,9,3673476,88969,56655,270535,90763,3,143937,3,3339,1,708,0
4261,0,2,4020030,690073,397521,75522,206286,0,47577,2,1668,3,140,1
4262,1,6,2496076,90036,60741,139059,255731,0,163133,3,4487,2,395,1
4263,0,6,5460947,595525,379258,106922,349871,0,54204,2,2755,1,489,1
4264,6,12,475909,91751,343041,131476,130628,3,108514,3,4998,2,450,1
4265,6,11,324444,99160,548811,162959,538888,1,119463,3,3994,1,601,0
4267,3,12,1951968,91421,96382,290433,191971,3,103257,3,4166,2,760,0
4268,0,19,4318559,614056,375941,258381,350448,0,133091,3,546,0,364,1
4269,1,11,3509323,69447,57073,133145,438758,1,169054,3,550,0,563,0
4270,7,16,6364943,471964,459834,34889,175028,3,311133,0,1551,3,852,2
4271,4,14,6559040,210621,146816,287443,499432,1,478855,0,2746,1,273,1
4272,6,10,596850,90681,51899,238703,409598,1,492613,0,531,0,855,2
4273,0,4,5151991,650422,156556,281717,566734,1,98919,2,1060,3,791,0
4274,6,6,510064,95742,582085,24782,395565,0,146496,3,1985,3,100,1
4275,3,18,4742121,85145,34311,213074,128312,3,90764,2,3788,1,220,1
4276,3,1,3334237,191903,81205,183639,573120,1,92886,2,4517,2,52,3
4277,5,19,11435140,330218,191858,221427,175951,3,458097,0,667,0,732,0
4278,4,10,5864642,103049,129018,233678,334285,0,55603,2,4857,2,892,2
4279,2,4,83141,30041,5738,55508,380494,0,338754,0,1135,3,538,0
4280,2,1,45913,19253,12256,53153,291160,0,486891,0,4172,2,483,1
4281,4,1,6806976,182656,122753,294999,275081,0,33152,2,906,0,458,1
4282,8,14,1606039,93714,145767,129326,226388,0,439820,0,727,0,168,1
4283,1,6,2482399,57931,56250,139665,482375,1,187194,3,3844,1,379,1
4284,8,10,2043958,101274,133478,140173,176415,3,198489,3,912,0,698,0
4285,7,5,5410929,314693,561192,292854,314859,0,70046,2,4853,2,788,0
4286,8,12,1626071,94040,74052,242292,573827,1,480576,0,4736,2,414,1
4287,1,13,1675771,55979,55680,263531,144749,3,234691,3,3547,1,420,1
4288,7,5,8647810,553432,477221,134787,295616,0,346082,0,2109,1,505,0
4289,4,0,7106809,107297,80872,51205,523163,1,78676,2,4491,2,106,1
4290,4,2,7918741,177011,116903,63786,376687,0,176872,3,3596,1,318,1
4291,6,12,575217,87438,260589,168211,399053,0,433292,0,4584,2,782,0
4292,5,11,8132515,676919,184712,283441,162996,3,441183,0,2432,1,137,1
4293,3,8,3824115,174971,93655,128606,356938,0,74776,2,2800,1,369,1
4294,6,7,651406,71524,355668,70237,397277,0,22058,1,1943,3,255,1
4295,7,16,7100869,629772,388783,104265,133850,3,484172,0,1281,3,893,2
4296,5,2,10967702,838230,141441,135978,538928,1,427080,0,4901,2,470,1
4297,7,18,8922995,261130,357838,172939,471995,1,272998,0,3188,1,725,0
4298,0,17,4710632,683864,151035,72870,331427,0,128668,3,4634,2,503,0
4299,0,2,3257440,549325,311291,196136,398072,0,78248,2,2371,1,174,1
4300,3,7,4299635,171894,95248,24187,229188,0,440705,0,4089,2,221,1
4301,3,15,4213222,180115,56645,255310,65059,3,223916,3,4505,2,242,1
4302,6,19,347460,62829,367325,130677,383319,0,472764,0,750,0,449,1
4303,8,17,2017300,126266,148439,86185,468503,1,458513,0,2443,1,486,1
4304,5,13,8060791,357674,281424,227881,487089,1,443194,0,538,0,108,1
4305,3,5,2920561,130051,84631,200351,142688,3,358055,0,642,0,378,1
4306,8,1,1946179,193570,105135,56539,204981,0,157895,3,3993,1,122,1
4307,6,3,427258,98957,56381,85475,106034,3,122699,3,2323,1,933,2
4308,7,13,6472731,783432,255498,122684,565174,1,236893,3,1874,3,224,1
4309,8,7,3239188,83230,130571,72139,444461,1,461934,0,2222,1,127,1
4310,7,12,6675925,864670,484587,290871,287112,0,140909,3,4877,2,414,1
4311,3,5,1713168,189677,59792,146834,395517,0,352499,0,1918,3,528,0
4312,7,3,5450319,651125,265839,72406,173398,3,313290,0,1144,3,534,0
4313,8,14,1969808,188058,44737,102997,527983,1,159095,3,3277,1,160,1
4314,4,16,5234814,207920,111827,160970,368445,0,33285,2,2410,1,245,1
4315,3,1,3258278,101654,90193,61323,586038,1,49195,2,1760,3,645,0
4316,1,6,3198857,68290,60964,218775,147198,3,409363,0,548,0,453,1
4317,8,16,1597154,181149,133070,131268,204953,0,172895,3,3253,1,112,1
4318,2,5,71107,25296,9207,150443,490710,1,281518,0,629,0,868,2
4319,5,13,11482776,692164,589262,176624,588962,1,386881,0,1074,3,728,0
4320,4,13,5736703,177085,86763,192175,324853,0,463512,0,567,0,466,1
4321,3,19,1842265,120223,76879,265123,449486,1,465988,0,1987,3,193,1
4322,2,10,68226,18299,6163,165384,295768,0,403221,0,2691,1,440,1
4323,3,2,1692908,118077,69770,101956,68404,3,234575,3,3571,1,939,2
4324,8,0,1850910,128359,101034,25246,405728,1,432259,0,3755,1,564,0
4325,1,3,2891969,53786,62879,58070,366513,0,398488,0,4964,2,581,0
4326,8,2,2923146,60443,90941,240150,138311,3,364770,0,1656,3,922,2
4327,6,13,961812,94982,177488,265339,559609,1,235769,3,1176,3,351,1
4328,5,18,7673183,137368,99186,252517,535860,1,235303,3,1332,3,888,2
4329,6,12,870558,58898,406469,202342,363985,0,245646,3,2458,1,419,1
4330,1,16,3176546,56990,90242,44997,141879,3,261594,0,4479,2,915,2
4331,6,17,788605,58951,340910,250596,501628,1,233180,3,1621,3,129,1
4332,8,1,2794178,61755,126843,80390,135698,3,425752,0,2675,1,784,0
4333,3,8,4490303,100433,73801,90208,236871,0,347969,0,1036,3,81,3
4334,7,12,6355618,727110,597476,77899,66167,3,476750,0,2898,1,769,0
4335,6,19,281205,69723,582692,280087,88128,3,339900,0,2112,1,290,1
4336,7,15,8519287,734695,182790,291201,408650,1,37160,2,1097,3,944,2
4337,7,13,5657441,496667,338140,83146,394256,0,127653,3,3349,1,976,2
4338,5,15,9964032,588833,392155,276622,550010,1,177103,3,1548,3,838,2
4339,0,19,4041724,532512,171235,81200,379756,0,112280,3,2277,1,825,2
4340,2,9,64028,26616,8293,38932,451005,1,457981,0,2824,1,64,3
4341,0,13,4857600,682967,278050,123177,532867,1,424834,0,4429,2,997,2
4342,1,16,3674160,66560,68005,142767,565994,1,305631,0,741,0,511,0
4343,1,15,2921771,93747,67656,95965,395625,0,37329,2,705,0,98,3
4344,6,17,692227,85544,167661,291381,59711,2,370240,0,2748,1,83,3
4345,7,8,5947688,616090,329181,221765,446779,1,493735,0,2878,1,212,1
4346,5,14,11712577,535219,111944,233626,62917,3,44319,2,2963,1,958,2
4347,2,11,54723,16164,5895,226274,61437,3,24586,1,3039,1,725,0
4348,7,0,7908100,534235,269989,66174,141131,3,123630,3,1781,3,332,1
4349,5,18,5848607,929189,580353,78868,404955,1,393167,0,3930,1,183,1
4350,2,16,36204,23787,7174,191602,570222,1,380098,0,1426,3,126,1
4351,0,6,4112813,677187,331557,282856,447946,1,433060,0,3501,1,435,1
4352,0,3,3902018,538361,257599,283813,190771,3,399221,0,3817,1,553,0
4353,4,18,6961987,158172,134926,112833,266729,0,200799,3,2470,1,477,1
4355,4,2,5537229,133638,72470,132265,187673,3,249820,3,4522,2,877,2
4356,7,1,5903921,364033,491751,203424,409200,1,98069,2,4819,2,746,0
4357,0,16,3250331,626328,360645,119108,382689,0,216385,3,4953,2,730,0
4358,4,5,7839707,179124,142827,139839,203537,0,342643,0,879,0,635,0
4359,1,12,3018313,66309,33780,216713,463985,1,416625,0,2477,1,937,2
4360,4,10,6621714,205202,112284,182598,146619,3,163179,3,4433,2,386,1
4361,5,3,7701728,775758,353747,162083,569518,1,66601,2,4777,2,743,0
4362,4,13,6145123,212070,72696,134637,476585,1,396164,0,4200,2,841,2
4363,3,6,4191652,103867,94446,214444,264087,0,238410,3,4308,2,778,0
4364,2,6,32141,16066,12173,189174,59217,2,67202,2,1906,3,455,1
4365,7,18,7097227,767570,129869,262219,348653,0,192006,3,1907,3,344,1
4366,5,4,7313035,471345,170258,227051,146004,3,184628,3,1050,3,396,1
4367,6,13,880131,80849,330208,27089,243205,0,492282,0,793,0,273,1
4368,7,17,6072393,319729,572739,140462,571547,1,368421,0,1577,3,504,0
4369,2,4,87053,18842,6699,120157,513871,1,306349,0,4639,2,864,2
4370,5,7,8598007,452390,442233,79272,598890,1,410800,0,2570,1,455,1
4371,6,8,292454,66331,507333,256335,251839,0,450175,0,1845,3,296,1
4372,0,6,4395993,624515,288345,122455,153914,3,350056,0,523,0,599,0
4373,3,6,2665832,140470,38369,73394,118394,3,276634,0,1697,3,806,2
4374,8,8,3170198,155858,113870,46678,174854,3,185336,3,2835,1,757,0
4375,4,19,3767782,126652,84682,25129,211781,0,457359,0,3270,1,772,0
4376,1,12,2898451,51549,44980,299757,198070,3,92875,2,895,0,638,0
4377,5,12,7231808,310556,437631,127358,461552,1,258510,0,4521,2,476,1
4378,6,19,720890,61433,387372,224636,503204,1,284110,0,4084,2,409,1
4379,1,17,3519965,77665,89510,211262,451212,1,76064,2,1497,3,55,3
4380,6,18,380529,63071,160623,282227,491019,1,351161,0,2643,1,133,1
4381,2,15,53496,22794,6822,190783,586421,1,458194,0,3740,1,619,0
4382,7,17,5186386,660089,316932,156487,433312,1,467955,0,2346,1,964,2
4383,1,14,3455367,68505,46517,208119,104634,3,306704,0,4072,2,988,2
4384,8,8,3219986,58110,133528,273033,393617,0,240143,3,3391,1,458,1
4385,3,10,1800232,101634,65188,285406,223615,0,207794,3,4391,2,967,2
4386,8,9,2023162,111872,136164,235752,166784,3,368918,0,2338,1,467,1
4387,3,19,3188777,151350,77923,61317,247443,0,412579,0,4570,2,121,1
4388,6,13,915115,58000,271164,242982,540596,1,141279,3,3721,1,140,1
4389,8,12,1689300,131824,32470,98988,554260,1,122002,3,3315,1,149,1
4390,1,3,1958677,62367,68864,228044,416782,1,35609,2,4540,2,967,2
4392,2,18,36813,23452,11548,73711,156117,3,181120,3,3094,1,980,2
4393,5,7,7688174,227660,210615,256949,211278,0,178720,3,2770,1,844,2
4394,1,3,2098368,70175,35107,126844,204317,0,312987,0,2467,1,628,0
4395,8,12,2925740,57924,28198,225763,234139,0,337009,0,2401,1,893,2
4396,7,18,6117231,381690,424397,164448,278461,0,123220,3,2446,1,141,1
4397,5,15,9036189,718608,606401,56345,583259,1,139980,3,3393,1,68,3
4398,3,4,4803955,109436,47603,294777,370070,0,363112,0,1571,3,476,1
4399,8,2,1818186,124646,38716,246887,507992,1,383038,0,2581,1,523,0
4400,0,11,4903881,534235,255172,81798,435870,1,84857,2,3800,1,665,0
4401,0,15,5979800,631632,142548,187196,128943,3,455927,0,4742,2,805,2
4402,0,7,5941929,693120,387021,240367,297402,0,405782,0,2084,1,299,1
4403,5,3,6061597,267227,490521,235476,358443,0,425221,0,3363,1,98,3
4404,1,17,3221098,59183,36611,194930,340764,0,30441,2,2618,1,162,1
4405,0,0,3279362,690261,240795,177740,344250,0,57511,2,4645,2,191,1
4406,8,9,3302213,163543,52483,90412,216270,0,50326,2,2870,1,791,0
4407,4,0,5109289,152312,135265,264863,522992,1,346093,0,3179,1,94,3
4408,4,5,7516032,247592,89165,211264,430220,1,374726,0,2806,1,968,2
4409,6,15,362784,51098,592193,168484,341481,0,493883,0,4348,2,652,0
4410,7,14,5358405,714985,305490,50095,187142,3,50870,2,1123,3,949,2
4411,2,9,68077,29192,6496,56497,397352,0,152284,3,3509,1,391,1
4412,8,9,2126484,187452,86109,33315,347901,0,21338,1,2806,1,399,1
4413,6,12,671200,68196,72532,90208,356141,0,364817,0,1699,3,225,1
4414,8,2,1647964,116077,146108,269779,112996,3,160787,3,4481,2,302,1
4415,0,5,4497038,603082,178102,69984,99809,3,138541,3,3485,1,356,1
4417,2,2,24750,26622,10932,56203,88006,3,53955,2,739,0,989,2
4418,2,3,29855,27362,10296,289179,68643,3,497561,0,3966,1,248,1
4419,1,11,2771395,59809,39125,48314,510358,1,84240,2,4640,2,647,0
4420,8,12,3147262,154287,134043,297221,68850,3,494412,0,2211,1,509,0
4421,4,0,7011866,161998,81088,190797,364146,0,489477,0,3400,1,395,1
4422,8,12,2308843,172138,144616,296136,596603,1,297485,0,1476,3,813,2
4423,8,14,2671113,188212,123042,188422,529214,1,171801,3,830,0,595,0
4424,1,6,2067151,79612,52617,207192,80198,3,22828,1,1134,3,775,0
4425,6,15,554951,96763,119711,78042,435190,1,95599,2,2883,1,648,0
4426,3,5,3815169,161231,48647,185640,349494,0,189164,3,3055,1,376,1
4427,8,0,2709717,87669,122296,153284,573653,1,359439,0,3306,1,881,2
4428,1,3,3148090,87275,74169,67693,465255,1,288534,0,1047,3,725,0
4429,5,11,9798895,779007,85334,216358,422881,1,256801,0,4229,2,378,1
4430,4,13,3863028,233395,139924,297501,531335,1,217168,3,3665,1,376,1
4431,4,11,7868477,149827,135771,164278,340421,0,420106,0,2099,1,375,1
4432,8,14,3439197,145687,113985,174067,588072,1,290431,0,4022,2,733,0
4433,3,9,2613263,160474,66743,200698,544433,1,379745,0,1838,3,82,3
4434,0,3,5710587,546041,312518,141654,439793,1,469775,0,1926,3,730,0
4435,2,8,18674,16886,9047,125987,261391,0,481380,0,3079,1,653,0
4436,4,12,7867004,130884,144964,168031,209157,0,62681,2,2050,1,802,2
4437,0,17,3114243,548526,268590,41267,203954,0,258765,0,1424,3,838,2
4438,2,5,79278,28215,5247,230828,51334,2,437971,0,3963,1,462,1
4439,3,8,4294004,149348,55585,265897,393377,0,236507,3,4968,2,603,0
4440,5,3,11114309,755572,352521,288978,156930,3,181811,3,3363,1,387,1
4441,3,10,3447288,145866,48576,59012,65122,3,207395,3,4734,2,566,0
4442,6,5,295790,72895,396780,123939,233452,0,379973,0,2198,1,503,0
4443,7,1,8459232,267660,485192,89292,592939,1,271257,0,3199,1,396,1
4444,6,9,761670,50231,261226,172815,338319,0,23216,1,2098,1,209,1
4445,2,5,97669,15838,6100,166067,241651,0,295961,0,4014,2,739,0
4446,3,9,2718384,109688,38747,124210,394155,0,203741,3,857,0,83,3
4447,5,10,8704991,114095,326884,131269,281574,0,147592,3,954,0,83,3
4448,6,12,507200,82710,180423,117789,301316,0,388716,0,1347,3,880,2
4449,8,13,1600561,117288,117868,280401,502484,1,50571,2,576,0,931,2
4450,3,17,4276836,89206,85672,98466,252696,0,92701,2,2973,1,326,1
4451,2,5,86663,17958,11871,48936,572285,1,425847,0,4791,2,222,1
4452,3,7,2916645,192517,42945,243901,140139,3,197610,3,4454,2,629,0
4453,1,18,2029344,93334,62366,187097,196319,3,335726,0,1695,3,495,1
4454,6,17,625621,52173,241430,187648,309312,0,344342,0,653,0,202,1
4455,8,5,3106623,66257,78313,254113,492400,1,149379,3,710,0,525,0
4456,2,6,42131,28893,9799,20331,236498,0,221623,3,1337,3,983,2
4457,3,16,1541977,91430,92725,281021,374466,0,136468,3,1759,3,917,2
4458,5,13,10794974,154901,339090,219069,374429,0,222566,3,3630,1,625,0
4459,0,1,3236939,509956,227128,182947,512214,1,383664,0,4778,2,694,0
4460,8,16,2546600,89093,52720,133025,96340,3,150402,3,3356,1,194,1
4461,7,17,6071301,767673,475031,45111,246213,0,207060,3,4137,2,559,0
4462,8,3,3243335,102764,79659,138975,269885,0,326962,0,4504,2,267,1
4463,4,13,6214108,224427,141820,69127,367072,0,97200,2,2739,1,353,1
4464,6,2,731198,57044,323699,33052,258009,0,411392,0,1811,3,380,1
4465,7,1,5957097,776445,287941,24355,326327,0,56457,2,1086,3,461,1
4466,6,5,901820,99966,300710,170655,246641,0,40277,2,4174,2,150,1
4467,6,5,686991,82116,564130,200790,99542,3,380956,0,4413,2,823,2
4468,0,8,5901344,685506,275284,289123,269476,0,475117,0,843,0,283,1
4469,0,2,3758958,676129,150949,260359,70083,3,430312,0,4091,2,699,0
4470,0,9,4126007,552381,367338,126204,403188,1,271525,0,3023,1,943,2
4471,7,7,6324570,352514,507154,202920,189650,3,50200,2,1232,3,286,1
4472,3,4,4709409,102959,69505,25333,397392,0,382635,0,3024,1,540,0
4473,1,3,3371109,89257,66453,120993,103244,3,437398,0,3893,1,132,1
4474,0,12,5895895,681784,347735,213841,116290,3,130550,3,3585,1,755,0
4475,1,9,2595767,68942,66250,153549,439075,1,298855,0,824,0,289,1
4476,4,11,6391905,148066,143469,199443,123057,3,27127,1,3643,1,911,2
4477,4,4,6699625,155869,146672,226149,90646,3,411020,0,3409,1,155,1
4478,4,4,4811571,186932,119184,133458,326719,0,222523,3,4314,2,114,1
4481,4,10,5148310,186459,95723,294986,297115,0,397444,0,2406,1,266,1
4482,8,7,3189368,107226,43369,63700,473283,1,105418,3,1248,3,282,1
4483,6,13,769333,70112,247058,92204,274599,0,30874,2,3678,1,382,1
4484,6,17,637056,85264,54415,232353,382799,0,152373,3,1227,3,189,1
4485,8,15,2186166,110151,149487,243591,526565,1,313981,0,1827,3,522,0
4486,4,11,6592907,239999,89268,174254,597537,1,93217,2,3385,1,434,1
4487,6,14,743222,79961,529570,131793,123113,3,281720,0,2612,1,491,1
4488,1,10,3204098,82847,92789,204588,348561,0,362447,0,3385,1,293,1
4489,4,0,5574288,151137,74568,182741,147023,3,267149,0,3137,1,492,1
4490,6,0,871686,74476,208766,294809,593229,1,477065,0,1625,3,429,1
4491,8,15,2075952,182131,56528,262090,224527,0,330268,0,4158,2,984,2
4492,0,1,3932148,619097,234258,199236,264068,0,229542,3,2718,1,897,2
4493,0,6,5445477,692444,206085,40362,409229,1,179078,3,1808,3,431,1
4494,8,10,3419040,152667,130238,189156,257419,0,81110,2,1961,3,828,2
4495,6,7,351231,90746,403998,212669,519830,1,204726,3,4038,2,780,0
4496,6,17,876370,66937,407991,197744,162554,3,26430,1,1123,3,343,1
4497,2,0,22518,28103,10286,23146,272210,0,477426,0,3778,1,563,0
4498,8,16,2379743,106716,120539,213517,220740,0,145581,3,3682,1,776,0
4499,5,17,6781437,311300,337625,186565,110526,3,364150,0,2147,1,150,1
